Image,Image area,Number of edges,Length of bounded box,Width of bounded box,Area of bounded box,Difference of area,Percentage filled area,Compactness factor,Complexity Level,Design family,DBSCAN_Labels
1,133719.0,6,338,452,152776,19057.0,12.47381787715348,85.12190791801946,1,0,0
2,129910.5,5,338,452,152776,22865.5,14.966683248677803,86.23236025006362,1,2,1
3,106840.5,6,338,453,153114,46273.5,30.22159959246052,75.52754000494907,2,1,2
4,100151.0,7,337,452,152324,52173.0,34.25133268559124,68.38467902548132,0,3,3
5,145867.5,5,338,453,153114,7246.5,4.732748148438418,94.34393101184736,1,4,1
6,130978.5,7,338,452,152776,21797.5,14.26762056867571,83.96204892802508,1,0,4
7,135676.0,7,338,453,153114,17438.0,11.388899774024583,86.50509429337457,1,0,4
8,104465.0,8,338,452,152776,48311.0,31.62211342095617,70.98392944433286,2,1,5
9,111976.0,8,338,452,152776,40800.0,26.7057653034508,82.89256440912142,2,1,6
10,127334.0,7,337,452,152324,24990.0,16.405819174916626,82.94183994594007,1,0,4
11,139479.5,5,338,452,152776,13296.5,8.70326491071896,91.59196371022756,1,4,1
12,134560.0,5,338,452,152776,18216.0,11.923338744305388,90.38397720845144,1,2,1
13,124548.5,8,338,452,152776,28227.5,18.476396816253864,82.24098065847853,2,0,-1
14,136323.5,5,338,452,152776,16452.5,10.76903440330942,89.86519693338407,1,4,1
15,88788.5,9,338,452,152776,63987.5,41.8832146410431,57.74779689712936,0,3,7
16,114544.0,8,338,452,152776,38232.0,25.0248730167042,74.79061777492521,2,1,8
17,107953.5,6,338,452,152776,44822.5,29.33870503220401,69.48144117184621,2,1,9
18,145867.5,5,338,453,153114,7246.5,4.732748148438418,94.34393101184736,1,4,1
19,118952.5,6,338,452,152776,33823.5,22.139275802482064,79.95663061428255,2,1,10
20,122851.5,6,338,453,153114,30262.5,19.764685136564918,78.97891322604096,2,2,10
21,108358.0,7,337,452,152324,43966.0,28.86347522386492,79.92857229511831,2,3,11
22,75978.5,3,337,452,152324,76345.5,50.12046689950369,55.03335680490013,0,5,12
23,135780.0,7,338,453,153114,17334.0,11.32097652729339,86.28688756285962,1,0,4
24,112515.5,10,337,452,152324,39808.5,26.134095743284053,75.35474352831602,2,3,13
25,102867.5,7,337,452,152324,49456.5,32.46796302618103,72.14792831654782,2,3,3
26,114131.5,5,338,452,152776,38644.5,25.29487615855894,79.30377255468858,2,1,14
27,75978.5,3,337,452,152324,76345.5,50.12046689950369,55.03335680490013,0,5,12
28,133062.0,5,338,452,152776,19714.0,12.90385924490758,87.68474166408973,1,0,1
29,150234.5,6,338,452,152776,2541.5,1.6635466303607898,97.59044646838294,1,0,15
30,149173.0,4,338,452,152776,3603.0,2.3583547154003246,95.14803938246128,1,4,16
31,105330.5,11,338,452,152776,47445.5,31.055597737864588,70.95999349763495,2,1,17
32,151288.5,4,338,453,153114,1825.5,1.1922489125749445,95.79992093888916,1,4,16
33,144021.5,4,338,452,152776,8754.5,5.73028486149657,92.65849582476176,1,4,16
34,138961.5,7,338,452,152776,13814.5,9.0423234015814,90.3767177326734,1,0,18
35,122602.0,5,338,453,153114,30512.0,19.92763561790561,79.28688722942714,2,2,19
36,99751.0,8,337,452,152324,52573.0,34.513930831648324,71.30717536339064,0,3,5
37,150708.0,4,338,453,153114,2406.0,1.5713781888005016,95.44699792590664,1,4,16
38,110290.0,4,338,452,152776,42486.0,27.80934178143164,76.77246191763132,2,1,20
39,148565.5,4,338,452,152776,4210.5,2.7559957061318534,94.86689059848013,1,4,16
40,99216.5,6,338,452,152776,53559.5,35.05753521495522,68.91691169985813,0,1,21
41,108055.5,6,338,452,152776,44720.5,29.271940618945383,70.28819006749032,2,1,9
42,101584.5,6,338,452,152776,51191.5,33.50755354244122,74.32976542510427,2,1,-1
43,110290.0,4,338,452,152776,42486.0,27.80934178143164,76.77246191763132,2,1,20
44,103485.5,9,338,452,152776,49290.5,32.26324815416034,74.22322848485591,2,1,22
45,98571.5,6,338,452,152776,54204.5,35.47972194585537,68.35763012331073,0,1,21
46,114561.5,11,338,452,152776,38214.5,25.013418337958843,72.24606028202862,2,1,23
47,128253.0,9,338,452,152776,24523.0,16.05160496413049,83.26766320045496,1,0,24
48,91149.0,6,337,452,152324,61175.0,40.16110396260603,70.37952538532834,0,3,25
49,145867.5,5,338,453,153114,7246.5,4.732748148438418,94.34393101184736,1,4,1
50,147322.0,4,338,452,152776,5454.0,3.5699324501230563,94.44074372225155,1,4,16
51,131174.0,5,338,452,152776,21602.0,14.13965544326334,90.03113563622311,1,2,1
52,107566.5,8,337,452,152324,44757.5,29.383091305375387,73.4715793388593,2,3,26
53,111372.0,8,338,452,152776,41404.0,27.101115358433265,82.27317714620733,2,1,6
54,127334.0,7,337,452,152324,24990.0,16.405819174916626,82.94183994594007,1,0,4
55,135676.0,7,338,453,153114,17438.0,11.388899774024583,86.50509429337457,1,0,4
56,126446.0,5,338,452,152776,26330.0,17.23438236372205,84.41044925154944,1,2,1
57,144463.5,4,338,452,152776,8312.5,5.44097240404252,92.98391927117932,1,4,16
58,148565.5,4,338,452,152776,4210.5,2.7559957061318534,94.86689059848013,1,4,16
59,146948.0,4,338,452,152776,5828.0,3.8147352987380216,94.10104391120628,1,4,16
60,128805.5,5,338,452,152776,23970.5,15.68996439231293,86.4118437067804,1,2,1
61,112515.5,10,337,452,152324,39808.5,26.134095743284053,75.35474352831602,2,3,13
62,144149.0,4,338,452,152776,8627.0,5.646829344923286,92.86602345331424,1,4,16
63,114561.5,11,338,452,152776,38214.5,25.013418337958843,72.24606028202862,2,1,23
64,114561.5,11,338,452,152776,38214.5,25.013418337958843,72.24606028202862,2,1,23
65,107350.0,6,338,452,152776,45426.0,29.73372781065089,75.49204276136996,2,1,2
66,132701.5,6,338,452,152776,20074.5,13.139825627061844,84.72920160505231,1,0,0
67,147237.0,5,338,453,153114,5877.0,3.838316548454093,94.92707334836304,1,4,1
68,96831.0,6,338,452,152776,55945.0,36.61897156621458,67.62429962285125,0,1,21
69,107153.0,7,338,452,152776,45623.0,29.86267476567,70.57005431303384,2,1,3
70,107153.0,7,338,452,152776,45623.0,29.86267476567,70.57005431303384,2,1,3
71,129910.5,5,338,452,152776,22865.5,14.966683248677803,86.23236025006362,1,2,1
72,135504.0,4,337,452,152324,16820.0,11.042252041700586,88.4592846889227,1,4,27
73,107350.0,6,338,452,152776,45426.0,29.73372781065089,75.49204276136996,2,1,2
74,149843.5,6,338,454,153452,3608.5,2.351549670255194,97.95467062866588,1,4,15
75,147644.5,4,338,453,153114,5469.5,3.57217498073331,94.42005698812586,1,4,16
76,133496.5,7,338,452,152776,19279.5,12.61945593548725,84.14256777374811,1,0,4
77,141998.5,7,338,452,152776,10777.5,7.054445724459339,92.70508577372296,1,0,18
78,108358.0,7,337,452,152324,43966.0,28.86347522386492,79.92857229511831,2,3,11
79,122441.0,7,338,452,152776,30335.0,19.855867413729904,81.96539852163606,2,1,4
80,135676.0,7,338,453,153114,17438.0,11.388899774024583,86.50509429337457,1,0,4
81,129387.5,4,337,452,152324,22936.5,15.057705942596044,85.97639794419511,1,0,27
82,111372.0,8,338,452,152776,41404.0,27.101115358433265,82.27317714620733,2,1,6
83,128253.0,9,338,452,152776,24523.0,16.05160496413049,83.26766320045496,1,0,24
84,91149.0,6,337,452,152324,61175.0,40.16110396260603,70.37952538532834,0,3,25
85,151288.5,4,338,453,153114,1825.5,1.1922489125749445,95.79992093888916,1,4,16
86,135676.0,7,338,453,153114,17438.0,11.388899774024583,86.50509429337457,1,0,4
87,71345.0,11,337,452,152324,80979.0,53.162338173892486,43.57587871415488,0,5,28
88,99182.0,7,338,453,153114,53932.0,35.22342829525713,71.67348867959417,0,1,3
89,110290.0,4,338,452,152776,42486.0,27.80934178143164,76.77246191763132,2,1,20
90,135504.0,4,337,452,152324,16820.0,11.042252041700586,88.4592846889227,1,4,27
91,75978.5,3,337,452,152324,76345.5,50.12046689950369,55.03335680490013,0,5,12
92,76014.5,3,337,452,152324,76309.5,50.09683306635855,54.90036911018557,0,5,12
93,127334.0,7,337,452,152324,24990.0,16.405819174916626,82.94183994594007,1,0,4
94,111976.0,8,338,452,152776,40800.0,26.7057653034508,82.89256440912142,2,1,6
95,149326.0,4,338,452,152776,3450.0,2.258208095512384,95.24562842354456,1,4,16
96,141998.5,7,338,452,152776,10777.5,7.054445724459339,92.70508577372296,1,0,18
97,123434.0,4,337,452,152324,28890.0,18.96615109897324,83.20762718334522,2,0,29
98,99216.5,6,338,452,152776,53559.5,35.05753521495522,68.91691169985813,0,1,21
99,84082.5,7,338,452,152776,68693.5,44.96354139393622,60.372343083735146,0,3,30
100,150708.0,4,338,453,153114,2406.0,1.5713781888005016,95.44699792590664,1,4,16
101,147237.0,5,338,453,153114,5877.0,3.838316548454093,94.92707334836304,1,4,1
102,126584.5,7,338,452,152776,26191.5,17.143726763365976,89.47749341489352,1,2,31
103,135504.0,4,337,452,152324,16820.0,11.042252041700586,88.4592846889227,1,4,27
104,71113.5,8,338,452,152776,81662.5,53.45244017384929,44.573009613548365,0,5,32
105,143973.0,4,338,452,152776,8803.0,5.762030685447976,92.66221465288103,1,4,16
106,136323.5,5,338,452,152776,16452.5,10.76903440330942,89.86519693338407,1,4,1
107,112515.5,10,337,452,152324,39808.5,26.134095743284053,75.35474352831602,2,3,13
108,135676.0,7,338,453,153114,17438.0,11.388899774024583,86.50509429337457,1,0,4
109,151348.5,4,338,453,153114,1765.5,1.1530624240761784,96.5505961730223,1,4,16
110,99751.0,8,337,452,152324,52573.0,34.513930831648324,71.30717536339064,0,3,5
111,129566.0,6,338,452,152776,23210.0,15.192176781693458,84.10593114875961,1,0,0
112,105047.0,9,338,452,152776,47729.0,31.2411635335393,77.71556796616149,2,1,33
113,143599.5,6,338,452,152776,9176.5,6.00650625752736,94.25496538622023,1,0,-1
114,148808.0,4,338,452,152776,3968.0,2.597266586374823,94.66512303884448,1,4,16
115,146698.0,8,338,452,152776,6078.0,3.978373566528774,95.97822895532713,1,0,34
116,93482.5,7,337,452,152324,58841.5,38.62917202804548,65.24817831284099,0,3,35
117,126446.0,5,338,452,152776,26330.0,17.23438236372205,84.41044925154944,1,2,1
118,135697.5,7,338,453,153114,17416.5,11.374857948979193,86.33087263715902,1,0,4
119,146589.5,4,338,452,152776,6186.5,4.049392574749961,93.93590006760286,1,4,16
120,99216.5,6,338,452,152776,53559.5,35.05753521495522,68.91691169985813,0,1,21
121,106509.0,8,338,452,152776,46267.0,30.28420694349898,66.98225764817957,2,1,36
122,97957.5,5,337,452,152324,54366.5,35.6913552690318,70.88591055887821,0,3,37
123,149326.0,4,338,452,152776,3450.0,2.258208095512384,95.24562842354456,1,4,16
124,128805.5,5,338,452,152776,23970.5,15.68996439231293,86.4118437067804,1,2,1
125,91149.0,6,337,452,152324,61175.0,40.16110396260603,70.37952538532834,0,3,25
126,133495.0,4,337,453,152661,19166.0,12.554614472589597,87.41520422847037,1,0,27
127,135676.0,7,338,453,153114,17438.0,11.388899774024583,86.50509429337457,1,0,4
128,102867.5,7,337,452,152324,49456.5,32.46796302618103,72.14792831654782,2,3,3
129,122518.0,7,338,452,152776,30258.0,19.805466827250356,85.40673059593855,2,2,4
130,131174.0,5,338,452,152776,21602.0,14.13965544326334,90.03113563622311,1,2,1
131,119329.5,8,338,452,152776,33446.5,21.89250929465361,85.9181466210694,2,2,38
132,127334.0,7,337,452,152324,24990.0,16.405819174916626,82.94183994594007,1,0,4
133,107350.0,6,338,452,152776,45426.0,29.73372781065089,75.49204276136996,2,1,2
134,106543.5,7,338,452,152776,46232.5,30.261624862543854,70.30425759472013,2,1,3
135,122602.0,5,338,453,153114,30512.0,19.92763561790561,79.28688722942714,2,2,19
136,122851.5,6,338,453,153114,30262.5,19.764685136564918,78.97891322604096,2,2,10
137,106840.5,6,338,453,153114,46273.5,30.22159959246052,75.52754000494907,2,1,2
138,118952.5,6,338,452,152776,33823.5,22.139275802482064,79.95663061428255,2,1,10
139,99751.0,8,337,452,152324,52573.0,34.513930831648324,71.30717536339064,0,3,5
140,149564.0,4,338,452,152776,3212.0,2.102424464575588,94.49512079110087,1,4,16
141,133062.0,5,338,452,152776,19714.0,12.90385924490758,87.68474166408973,1,0,1
142,111616.5,6,337,452,152324,40707.5,26.72428507654736,75.50548108477439,2,3,-1
143,130978.5,7,338,452,152776,21797.5,14.26762056867571,83.96204892802508,1,0,4
144,74618.0,9,338,452,152776,78158.0,51.15855893595853,47.10484724519679,0,5,39
145,151348.5,4,338,453,153114,1765.5,1.1530624240761784,96.5505961730223,1,4,16
146,149489.5,4,338,452,152776,3286.5,2.151188668377232,95.06323797601132,1,4,16
147,114561.5,11,338,452,152776,38214.5,25.013418337958843,72.24606028202862,2,1,23
148,137337.0,5,337,453,152661,15324.0,10.037927171969264,90.2485240195154,1,4,1
149,133496.5,7,338,452,152776,19279.5,12.61945593548725,84.14256777374811,1,0,4
150,111976.0,8,338,452,152776,40800.0,26.7057653034508,82.89256440912142,2,1,6
151,122602.0,5,338,453,153114,30512.0,19.92763561790561,79.28688722942714,2,2,19
152,126133.0,4,338,452,152776,26643.0,17.439257474996072,83.83525774049993,1,0,29
153,110290.0,4,338,452,152776,42486.0,27.80934178143164,76.77246191763132,2,1,20
154,122602.0,5,338,453,153114,30512.0,19.92763561790561,79.28688722942714,2,2,19
155,145867.5,5,338,453,153114,7246.5,4.732748148438418,94.34393101184736,1,4,1
156,146948.0,4,338,452,152776,5828.0,3.8147352987380216,94.10104391120628,1,4,16
157,122851.5,6,338,453,153114,30262.5,19.764685136564918,78.97891322604096,2,2,10
158,130978.5,7,338,452,152776,21797.5,14.26762056867571,83.96204892802508,1,0,4
159,139479.5,5,338,452,152776,13296.5,8.70326491071896,91.59196371022756,1,4,1
160,119329.5,8,338,452,152776,33446.5,21.89250929465361,85.9181466210694,2,2,38
161,97957.5,5,337,452,152324,54366.5,35.6913552690318,70.88591055887821,0,3,37
162,148808.0,4,338,452,152776,3968.0,2.597266586374823,94.66512303884448,1,4,16
163,107566.5,8,337,452,152324,44757.5,29.383091305375387,73.4715793388593,2,3,26
164,139479.5,5,338,452,152776,13296.5,8.70326491071896,91.59196371022756,1,4,1
165,107720.0,6,338,452,152776,45056.0,29.49154317432057,79.20079055429977,2,1,-1
166,139570.5,6,338,452,152776,13205.5,8.643700581243127,88.65081911865245,1,0,40
167,122851.5,6,338,453,153114,30262.5,19.764685136564918,78.97891322604096,2,2,10
168,130978.5,7,338,452,152776,21797.5,14.26762056867571,83.96204892802508,1,0,4
169,76014.5,3,337,452,152324,76309.5,50.09683306635855,54.90036911018557,0,5,12
170,135780.0,7,338,453,153114,17334.0,11.32097652729339,86.28688756285962,1,0,4
171,108069.0,5,337,452,152324,44255.0,29.053202384391163,75.84496865880092,2,3,41
172,112515.5,10,337,452,152324,39808.5,26.134095743284053,75.35474352831602,2,3,13
173,107720.0,6,338,452,152776,45056.0,29.49154317432057,79.20079055429977,2,1,-1
174,150234.5,6,338,452,152776,2541.5,1.6635466303607898,97.59044646838294,1,0,15
175,126133.0,4,338,452,152776,26643.0,17.439257474996072,83.83525774049993,1,0,29
176,107350.0,6,338,452,152776,45426.0,29.73372781065089,75.49204276136996,2,1,2
177,120954.5,5,337,452,152324,31369.5,20.59393135684462,81.33018289754796,2,0,19
178,108069.0,5,337,452,152324,44255.0,29.053202384391163,75.84496865880092,2,3,41
179,99751.0,8,337,452,152324,52573.0,34.513930831648324,71.30717536339064,0,3,5
180,100068.0,9,338,452,152776,52708.0,34.50018327485992,68.25192654215468,0,1,42
181,151500.5,4,338,453,153114,1613.5,1.0537899865459723,96.64756237688896,1,4,16
182,114131.5,5,338,452,152776,38644.5,25.29487615855894,79.30377255468858,2,1,14
183,107953.5,6,338,452,152776,44822.5,29.33870503220401,69.48144117184621,2,1,9
184,99751.0,8,337,452,152324,52573.0,34.513930831648324,71.30717536339064,0,3,5
185,107953.5,6,338,452,152776,44822.5,29.33870503220401,69.48144117184621,2,1,9
186,111372.0,8,338,452,152776,41404.0,27.101115358433265,82.27317714620733,2,1,6
187,100068.0,9,338,452,152776,52708.0,34.50018327485992,68.25192654215468,0,1,42
188,115232.0,6,337,452,152324,37092.0,24.350726083873848,78.73571346188557,2,0,10
189,99751.0,8,337,452,152324,52573.0,34.513930831648324,71.30717536339064,0,3,5
190,107953.5,6,338,452,152776,44822.5,29.33870503220401,69.48144117184621,2,1,9
191,123434.0,4,337,452,152324,28890.0,18.96615109897324,83.20762718334522,2,0,29
192,135697.5,7,338,453,153114,17416.5,11.374857948979193,86.33087263715902,1,0,4
193,131174.0,5,338,452,152776,21602.0,14.13965544326334,90.03113563622311,1,2,1
194,108358.0,7,337,452,152324,43966.0,28.86347522386492,79.92857229511831,2,3,11
195,91149.0,6,337,452,152324,61175.0,40.16110396260603,70.37952538532834,0,3,25
196,122518.0,7,338,452,152776,30258.0,19.805466827250356,85.40673059593855,2,2,4
197,99088.5,6,338,452,152776,53687.5,35.14131800806409,69.13260116117613,0,1,21
198,148035.0,4,338,453,153114,5079.0,3.3171362514205107,94.56351042859114,1,4,16
199,122851.5,6,338,453,153114,30262.5,19.764685136564918,78.97891322604096,2,2,10
200,147237.0,5,338,453,153114,5877.0,3.838316548454093,94.92707334836304,1,4,1
201,135676.0,7,338,453,153114,17438.0,11.388899774024583,86.50509429337457,1,0,4
202,110290.0,4,338,452,152776,42486.0,27.80934178143164,76.77246191763132,2,1,20
203,128018.5,7,337,452,152324,24305.5,15.95644809747643,84.96846662036573,1,0,4
204,124368.5,9,337,452,152324,27955.5,18.35265618024737,82.27180492357601,2,0,24
205,112515.5,10,337,452,152324,39808.5,26.134095743284053,75.35474352831602,2,3,13
206,110290.0,4,338,452,152776,42486.0,27.80934178143164,76.77246191763132,2,1,20
207,71113.5,8,338,452,152776,81662.5,53.45244017384929,44.573009613548365,0,5,32
208,150708.0,4,338,453,153114,2406.0,1.5713781888005016,95.44699792590664,1,4,16
209,131935.0,7,338,452,152776,20841.0,13.64154055610829,83.00819646291959,1,0,4
210,149489.5,4,338,452,152776,3286.5,2.151188668377232,95.06323797601132,1,4,16
211,134658.5,4,338,452,152776,18117.5,11.858865266795831,88.09550605220167,1,2,27
212,107409.0,6,338,452,152776,45367.0,29.695109179452277,70.29814357522305,2,1,9
213,126584.5,7,338,452,152776,26191.5,17.143726763365976,89.47749341489352,1,2,31
214,84082.5,7,338,452,152776,68693.5,44.96354139393622,60.372343083735146,0,3,30
215,107566.5,8,337,452,152324,44757.5,29.383091305375387,73.4715793388593,2,3,26
216,137337.0,5,337,453,152661,15324.0,10.037927171969264,90.2485240195154,1,4,1
217,119329.5,8,338,452,152776,33446.5,21.89250929465361,85.9181466210694,2,2,38
218,103886.0,7,338,452,152776,48890.0,32.00109964915956,73.96580703532956,2,1,3
219,114561.5,11,338,452,152776,38214.5,25.013418337958843,72.24606028202862,2,1,23
220,129387.5,4,337,452,152324,22936.5,15.057705942596044,85.97639794419511,1,0,27
221,133719.0,6,338,452,152776,19057.0,12.47381787715348,85.12190791801946,1,0,0
222,115232.0,6,337,452,152324,37092.0,24.350726083873848,78.73571346188557,2,0,10
223,135780.0,7,338,453,153114,17334.0,11.32097652729339,86.28688756285962,1,0,4
224,90646.0,9,338,452,152776,62130.0,40.667382311357805,59.04749547938558,0,3,7
225,129387.5,4,337,452,152324,22936.5,15.057705942596044,85.97639794419511,1,0,27
226,127209.0,7,338,452,152776,25567.0,16.734958370424675,83.40368691941512,1,0,4
227,149030.5,4,338,453,153114,4083.5,2.666967096411824,94.89203841101175,1,4,16
228,128805.5,5,338,452,152776,23970.5,15.68996439231293,86.4118437067804,1,2,1
229,128805.5,5,338,452,152776,23970.5,15.68996439231293,86.4118437067804,1,2,1
230,114561.5,11,338,452,152776,38214.5,25.013418337958843,72.24606028202862,2,1,23
231,149843.5,6,338,454,153452,3608.5,2.351549670255194,97.95467062866588,1,4,15
232,132590.0,5,338,452,152776,20186.0,13.212808294496517,88.511945515875,1,2,1
233,140398.5,4,338,452,152776,12377.5,8.101730638320156,90.96821595292155,1,4,16
234,104465.0,8,338,452,152776,48311.0,31.62211342095617,70.98392944433286,2,1,5
235,128018.5,7,337,452,152324,24305.5,15.95644809747643,84.96846662036573,1,0,4
236,144354.5,4,338,452,152776,8421.5,5.512318688799287,93.13297165938448,1,4,16
237,129910.5,5,338,452,152776,22865.5,14.966683248677803,86.23236025006362,1,2,1
238,98451.0,6,338,452,152776,54325.0,35.55859559093052,68.31807585889365,0,1,21
239,95823.0,7,338,452,152776,56953.0,37.2787610619469,70.6274254848515,0,1,3
240,108358.0,7,337,452,152324,43966.0,28.86347522386492,79.92857229511831,2,3,11
241,131174.0,5,338,452,152776,21602.0,14.13965544326334,90.03113563622311,1,2,1
242,131174.0,5,338,452,152776,21602.0,14.13965544326334,90.03113563622311,1,2,1
243,107350.0,6,338,452,152776,45426.0,29.73372781065089,75.49204276136996,2,1,2
244,149173.0,4,338,452,152776,3603.0,2.3583547154003246,95.14803938246128,1,4,16
245,102867.5,7,337,452,152324,49456.5,32.46796302618103,72.14792831654782,2,3,3
246,118952.5,6,338,452,152776,33823.5,22.139275802482064,79.95663061428255,2,1,10
247,128805.5,5,338,452,152776,23970.5,15.68996439231293,86.4118437067804,1,2,1
248,81086.5,6,338,452,152776,71689.5,46.9245823951406,51.408534719425305,0,5,43
249,145210.5,4,338,453,153114,7903.5,5.161840197499902,93.21268053051772,1,4,16
250,100068.0,9,338,452,152776,52708.0,34.50018327485992,68.25192654215468,0,1,42
251,106631.5,9,337,452,152324,45692.5,29.996914471783832,72.4866168744297,2,3,22
252,146624.5,4,338,452,152776,6151.5,4.026483217259255,93.788338705501,1,4,16
253,81582.0,9,338,452,152776,71194.0,46.60025134837933,55.53853749928784,0,3,44
254,110290.0,4,338,452,152776,42486.0,27.80934178143164,76.77246191763132,2,1,20
255,107409.0,6,338,452,152776,45367.0,29.695109179452277,70.29814357522305,2,1,9
256,132590.0,5,338,452,152776,20186.0,13.212808294496517,88.511945515875,1,2,1
257,119329.5,8,338,452,152776,33446.5,21.89250929465361,85.9181466210694,2,2,38
258,75978.5,3,337,452,152324,76345.5,50.12046689950369,55.03335680490013,0,5,12
259,149843.5,6,338,454,153452,3608.5,2.351549670255194,97.95467062866588,1,4,15
260,149564.0,4,338,452,152776,3212.0,2.102424464575588,94.49512079110087,1,4,16
261,81086.5,6,338,452,152776,71689.5,46.9245823951406,51.408534719425305,0,5,43
262,120380.5,5,337,452,152324,31943.5,20.970759696436545,81.69768031077992,2,0,19
263,108358.0,7,337,452,152324,43966.0,28.86347522386492,79.92857229511831,2,3,11
264,102062.5,6,338,452,152776,50713.5,33.1946771744253,66.48864366254892,2,1,21
265,145867.5,5,338,453,153114,7246.5,4.732748148438418,94.34393101184736,1,4,1
266,122602.0,5,338,453,153114,30512.0,19.92763561790561,79.28688722942714,2,2,19
267,107953.5,6,338,452,152776,44822.5,29.33870503220401,69.48144117184621,2,1,9
268,119329.5,8,338,452,152776,33446.5,21.89250929465361,85.9181466210694,2,2,38
269,112515.5,10,337,452,152324,39808.5,26.134095743284053,75.35474352831602,2,3,13
270,106840.5,6,338,453,153114,46273.5,30.22159959246052,75.52754000494907,2,1,2
271,133719.0,6,338,452,152776,19057.0,12.47381787715348,85.12190791801946,1,0,0
272,106840.5,6,338,453,153114,46273.5,30.22159959246052,75.52754000494907,2,1,2
273,103886.0,7,338,452,152776,48890.0,32.00109964915956,73.96580703532956,2,1,3
274,145683.5,4,338,452,152776,7092.5,4.642417657223648,93.39640099228974,1,4,16
275,148328.5,4,338,452,152776,4447.5,2.9111247839974865,94.47424651149788,1,4,16
276,93482.5,7,337,452,152324,58841.5,38.62917202804548,65.24817831284099,0,3,35
277,129387.5,4,337,452,152324,22936.5,15.057705942596044,85.97639794419511,1,0,27
278,135676.0,7,338,453,153114,17438.0,11.388899774024583,86.50509429337457,1,0,4
279,133719.0,6,338,452,152776,19057.0,12.47381787715348,85.12190791801946,1,0,0
280,147237.0,5,338,453,153114,5877.0,3.838316548454093,94.92707334836304,1,4,1
281,107566.5,8,337,452,152324,44757.5,29.383091305375387,73.4715793388593,2,3,26
282,104465.0,8,338,452,152776,48311.0,31.62211342095617,70.98392944433286,2,1,5
283,129566.0,6,338,452,152776,23210.0,15.192176781693458,84.10593114875961,1,0,0
284,71345.0,11,337,452,152324,80979.0,53.162338173892486,43.57587871415488,0,5,28
285,81582.0,9,338,452,152776,71194.0,46.60025134837933,55.53853749928784,0,3,44
286,136323.5,5,338,452,152776,16452.5,10.76903440330942,89.86519693338407,1,4,1
287,149251.0,4,338,452,152776,3525.0,2.3072995758496098,95.19779065830764,1,4,16
288,98571.5,6,338,452,152776,54204.5,35.47972194585537,68.35763012331073,0,1,21
289,139479.5,5,338,452,152776,13296.5,8.70326491071896,91.59196371022756,1,4,1
290,111372.0,8,338,452,152776,41404.0,27.101115358433265,82.27317714620733,2,1,6
291,105047.0,9,338,452,152776,47729.0,31.2411635335393,77.71556796616149,2,1,33
292,111372.0,8,338,452,152776,41404.0,27.101115358433265,82.27317714620733,2,1,6
293,128018.5,7,337,452,152324,24305.5,15.95644809747643,84.96846662036573,1,0,4
294,122851.5,6,338,453,153114,30262.5,19.764685136564918,78.97891322604096,2,2,10
295,135780.0,7,338,453,153114,17334.0,11.32097652729339,86.28688756285962,1,0,4
296,106840.5,6,338,453,153114,46273.5,30.22159959246052,75.52754000494907,2,1,2
297,107566.5,8,337,452,152324,44757.5,29.383091305375387,73.4715793388593,2,3,26
298,131174.0,5,338,452,152776,21602.0,14.13965544326334,90.03113563622311,1,2,1
299,110290.0,4,338,452,152776,42486.0,27.80934178143164,76.77246191763132,2,1,20
300,103886.0,7,338,452,152776,48890.0,32.00109964915956,73.96580703532956,2,1,3
301,114131.5,5,338,452,152776,38644.5,25.29487615855894,79.30377255468858,2,1,14
302,150234.5,6,338,452,152776,2541.5,1.6635466303607898,97.59044646838294,1,0,15
303,91149.0,6,337,452,152324,61175.0,40.16110396260603,70.37952538532834,0,3,25
304,134658.5,4,338,452,152776,18117.5,11.858865266795831,88.09550605220167,1,2,27
305,102867.5,7,337,452,152324,49456.5,32.46796302618103,72.14792831654782,2,3,3
306,112515.5,10,337,452,152324,39808.5,26.134095743284053,75.35474352831602,2,3,13
307,127334.0,7,337,452,152324,24990.0,16.405819174916626,82.94183994594007,1,0,4
308,107350.0,6,338,452,152776,45426.0,29.73372781065089,75.49204276136996,2,1,2
309,134560.0,5,338,452,152776,18216.0,11.923338744305388,90.38397720845144,1,2,1
310,143178.5,5,338,453,153114,9935.5,6.488955941324765,94.0845864210366,1,4,1
311,100151.0,7,337,452,152324,52173.0,34.25133268559124,68.38467902548132,0,3,3
312,108069.0,5,337,452,152324,44255.0,29.053202384391163,75.84496865880092,2,3,41
313,112515.5,10,337,452,152324,39808.5,26.134095743284053,75.35474352831602,2,3,13
314,112515.5,10,337,452,152324,39808.5,26.134095743284053,75.35474352831602,2,3,13
315,133347.5,7,338,452,152776,19428.5,12.716984343090536,85.58393014336846,1,0,4
316,143178.5,5,338,453,153114,9935.5,6.488955941324765,94.0845864210366,1,4,1
317,110290.0,4,338,452,152776,42486.0,27.80934178143164,76.77246191763132,2,1,20
318,92917.5,5,338,452,152776,59858.5,39.18056501021103,69.86965471844037,0,1,37
319,92917.5,5,338,452,152776,59858.5,39.18056501021103,69.86965471844037,0,1,37
320,144149.0,4,338,452,152776,8627.0,5.646829344923286,92.86602345331424,1,4,16
321,139570.5,6,338,452,152776,13205.5,8.643700581243127,88.65081911865245,1,0,40
322,140398.5,4,338,452,152776,12377.5,8.101730638320156,90.96821595292155,1,4,16
323,76014.5,3,337,452,152324,76309.5,50.09683306635855,54.90036911018557,0,5,12
324,107409.0,6,338,452,152776,45367.0,29.695109179452277,70.29814357522305,2,1,9
325,146589.5,4,338,452,152776,6186.5,4.049392574749961,93.93590006760286,1,4,16
326,135780.0,7,338,453,153114,17334.0,11.32097652729339,86.28688756285962,1,0,4
327,107566.5,8,337,452,152324,44757.5,29.383091305375387,73.4715793388593,2,3,26
328,132590.0,5,338,452,152776,20186.0,13.212808294496517,88.511945515875,1,2,1
329,123434.0,4,337,452,152324,28890.0,18.96615109897324,83.20762718334522,2,0,29
330,130978.5,7,338,452,152776,21797.5,14.26762056867571,83.96204892802508,1,0,4
331,99182.0,7,338,453,153114,53932.0,35.22342829525713,71.67348867959417,0,1,3
332,138961.5,7,338,452,152776,13814.5,9.0423234015814,90.3767177326734,1,0,18
333,136323.5,5,338,452,152776,16452.5,10.76903440330942,89.86519693338407,1,4,1
334,148328.5,4,338,452,152776,4447.5,2.9111247839974865,94.47424651149788,1,4,16
335,151500.5,4,338,453,153114,1613.5,1.0537899865459723,96.64756237688896,1,4,16
336,107566.5,8,337,452,152324,44757.5,29.383091305375387,73.4715793388593,2,3,26
337,88761.0,12,338,452,152776,64015.0,41.90121485050008,56.74422824950924,0,3,45
338,102867.5,7,337,452,152324,49456.5,32.46796302618103,72.14792831654782,2,3,3
339,75978.5,3,337,452,152324,76345.5,50.12046689950369,55.03335680490013,0,5,12
340,144354.5,4,338,452,152776,8421.5,5.512318688799287,93.13297165938448,1,4,16
341,105047.0,9,338,452,152776,47729.0,31.2411635335393,77.71556796616149,2,1,33
342,145210.5,4,338,453,153114,7903.5,5.161840197499902,93.21268053051772,1,4,16
343,76014.5,3,337,452,152324,76309.5,50.09683306635855,54.90036911018557,0,5,12
344,105330.5,11,338,452,152776,47445.5,31.055597737864588,70.95999349763495,2,1,17
345,147644.5,4,338,453,153114,5469.5,3.57217498073331,94.42005698812586,1,4,16
346,122851.5,6,338,453,153114,30262.5,19.764685136564918,78.97891322604096,2,2,10
347,145464.5,4,338,452,152776,7311.5,4.785764779808347,93.39629915529616,1,4,16
348,102867.5,7,337,452,152324,49456.5,32.46796302618103,72.14792831654782,2,3,3
349,114544.0,8,338,452,152776,38232.0,25.0248730167042,74.79061777492521,2,1,8
350,146624.5,4,338,452,152776,6151.5,4.026483217259255,93.788338705501,1,4,16
351,123434.0,4,337,452,152324,28890.0,18.96615109897324,83.20762718334522,2,0,29
352,148276.0,4,338,452,152776,4500.0,2.9454888202335447,94.546634665808,1,4,16
353,102867.5,7,337,452,152324,49456.5,32.46796302618103,72.14792831654782,2,3,3
354,122518.0,7,338,452,152776,30258.0,19.805466827250356,85.40673059593855,2,2,4
355,148808.0,4,338,452,152776,3968.0,2.597266586374823,94.66512303884448,1,4,16
356,129387.5,4,337,452,152324,22936.5,15.057705942596044,85.97639794419511,1,0,27
357,143178.5,5,338,453,153114,9935.5,6.488955941324765,94.0845864210366,1,4,1
358,147972.0,4,338,452,152776,4804.0,3.1444729538670995,93.521441637874,1,4,16
359,91149.0,6,337,452,152324,61175.0,40.16110396260603,70.37952538532834,0,3,25
360,102867.5,7,337,452,152324,49456.5,32.46796302618103,72.14792831654782,2,3,3
361,149173.0,4,338,452,152776,3603.0,2.3583547154003246,95.14803938246128,1,4,16
362,128805.5,5,338,452,152776,23970.5,15.68996439231293,86.4118437067804,1,2,1
363,151500.5,4,338,453,153114,1613.5,1.0537899865459723,96.64756237688896,1,4,16
364,104465.0,8,338,452,152776,48311.0,31.62211342095617,70.98392944433286,2,1,5
365,133719.0,6,338,452,152776,19057.0,12.47381787715348,85.12190791801946,1,0,0
366,107350.0,6,338,452,152776,45426.0,29.73372781065089,75.49204276136996,2,1,2
367,139479.5,5,338,452,152776,13296.5,8.70326491071896,91.59196371022756,1,4,1
368,107566.5,8,337,452,152324,44757.5,29.383091305375387,73.4715793388593,2,3,26
369,122851.5,6,338,453,153114,30262.5,19.764685136564918,78.97891322604096,2,2,10
370,112515.5,10,337,452,152324,39808.5,26.134095743284053,75.35474352831602,2,3,13
371,140398.5,4,338,452,152776,12377.5,8.101730638320156,90.96821595292155,1,4,16
372,99216.5,6,338,452,152776,53559.5,35.05753521495522,68.91691169985813,0,1,21
373,104465.0,8,338,452,152776,48311.0,31.62211342095617,70.98392944433286,2,1,5
374,122851.5,6,338,453,153114,30262.5,19.764685136564918,78.97891322604096,2,2,10
375,114131.5,5,338,452,152776,38644.5,25.29487615855894,79.30377255468858,2,1,14
376,144021.5,4,338,452,152776,8754.5,5.73028486149657,92.65849582476176,1,4,16
377,107350.0,6,338,452,152776,45426.0,29.73372781065089,75.49204276136996,2,1,2
378,119329.5,8,338,452,152776,33446.5,21.89250929465361,85.9181466210694,2,2,38
379,135780.0,7,338,453,153114,17334.0,11.32097652729339,86.28688756285962,1,0,4
380,108055.5,6,338,452,152776,44720.5,29.271940618945383,70.28819006749032,2,1,9
381,149251.0,4,338,452,152776,3525.0,2.3072995758496098,95.19779065830764,1,4,16
382,139304.0,5,338,452,152776,13472.0,8.818138974708068,91.29261043930126,1,4,1
383,97957.5,5,337,452,152324,54366.5,35.6913552690318,70.88591055887821,0,3,37
384,95823.0,7,338,452,152776,56953.0,37.2787610619469,70.6274254848515,0,1,3
385,107953.5,6,338,452,152776,44822.5,29.33870503220401,69.48144117184621,2,1,9
386,128018.5,7,337,452,152324,24305.5,15.95644809747643,84.96846662036573,1,0,4
387,108358.0,7,337,452,152324,43966.0,28.86347522386492,79.92857229511831,2,3,11
388,92917.5,5,338,452,152776,59858.5,39.18056501021103,69.86965471844037,0,1,37
389,111976.0,8,338,452,152776,40800.0,26.7057653034508,82.89256440912142,2,1,6
390,84082.5,7,338,452,152776,68693.5,44.96354139393622,60.372343083735146,0,3,30
391,108069.0,5,337,452,152324,44255.0,29.053202384391163,75.84496865880092,2,3,41
392,139304.0,5,338,452,152776,13472.0,8.818138974708068,91.29261043930126,1,4,1
393,98571.5,6,338,452,152776,54204.5,35.47972194585537,68.35763012331073,0,1,21
394,106543.5,7,338,452,152776,46232.5,30.261624862543854,70.30425759472013,2,1,3
395,118952.5,6,338,452,152776,33823.5,22.139275802482064,79.95663061428255,2,1,10
396,147436.5,4,338,452,152776,5339.5,3.494986123474892,94.08765336708736,1,4,16
397,71345.0,11,337,452,152324,80979.0,53.162338173892486,43.57587871415488,0,5,28
398,108055.5,6,338,452,152776,44720.5,29.271940618945383,70.28819006749032,2,1,9
399,88761.0,12,338,452,152776,64015.0,41.90121485050008,56.74422824950924,0,3,45
400,99216.5,6,338,452,152776,53559.5,35.05753521495522,68.91691169985813,0,1,21
401,149326.0,4,338,452,152776,3450.0,2.258208095512384,95.24562842354456,1,4,16
402,133719.0,6,338,452,152776,19057.0,12.47381787715348,85.12190791801946,1,0,0
403,145571.0,5,338,452,152776,7205.0,4.716054877729486,94.1078548931071,1,4,1
404,104465.0,8,338,452,152776,48311.0,31.62211342095617,70.98392944433286,2,1,5
405,127334.0,7,337,452,152324,24990.0,16.405819174916626,82.94183994594007,1,0,4
406,103886.0,7,338,452,152776,48890.0,32.00109964915956,73.96580703532956,2,1,3
407,103886.0,7,338,452,152776,48890.0,32.00109964915956,73.96580703532956,2,1,3
408,107153.0,7,338,452,152776,45623.0,29.86267476567,70.57005431303384,2,1,3
409,76014.5,3,337,452,152324,76309.5,50.09683306635855,54.90036911018557,0,5,12
410,107566.5,8,337,452,152324,44757.5,29.383091305375387,73.4715793388593,2,3,26
411,103886.0,7,338,452,152776,48890.0,32.00109964915956,73.96580703532956,2,1,3
412,107566.5,8,337,452,152324,44757.5,29.383091305375387,73.4715793388593,2,3,26
413,136562.0,5,338,452,152776,16214.0,10.612923495837045,89.91825065865171,1,4,1
414,143178.5,5,338,453,153114,9935.5,6.488955941324765,94.0845864210366,1,4,1
415,130978.5,7,338,452,152776,21797.5,14.26762056867571,83.96204892802508,1,0,4
416,98571.5,6,338,452,152776,54204.5,35.47972194585537,68.35763012331073,0,1,21
417,98571.5,6,338,452,152776,54204.5,35.47972194585537,68.35763012331073,0,1,21
418,118952.5,6,338,452,152776,33823.5,22.139275802482064,79.95663061428255,2,1,10
419,108358.0,7,337,452,152324,43966.0,28.86347522386492,79.92857229511831,2,3,11
420,131174.0,5,338,452,152776,21602.0,14.13965544326334,90.03113563622311,1,2,1
421,122851.5,6,338,453,153114,30262.5,19.764685136564918,78.97891322604096,2,2,10
422,129387.5,4,337,452,152324,22936.5,15.057705942596044,85.97639794419511,1,0,27
423,130978.5,7,338,452,152776,21797.5,14.26762056867571,83.96204892802508,1,0,4
424,135768.0,4,337,452,152324,16556.0,10.868937265302907,88.94358125958998,1,4,27
425,105330.5,11,338,452,152776,47445.5,31.055597737864588,70.95999349763495,2,1,17
426,151348.5,4,338,453,153114,1765.5,1.1530624240761784,96.5505961730223,1,4,16
427,122851.5,6,338,453,153114,30262.5,19.764685136564918,78.97891322604096,2,2,10
428,97957.5,5,337,452,152324,54366.5,35.6913552690318,70.88591055887821,0,3,37
429,140482.5,6,338,452,152776,12293.5,8.046748180342462,90.28055276128607,1,0,40
430,98571.5,6,338,452,152776,54204.5,35.47972194585537,68.35763012331073,0,1,21
431,128018.5,7,337,452,152324,24305.5,15.95644809747643,84.96846662036573,1,0,4
432,75978.5,3,337,452,152324,76345.5,50.12046689950369,55.03335680490013,0,5,12
433,85800.0,6,337,452,152324,66524.0,43.672697670754445,61.39086139631086,0,3,-1
434,129387.5,4,337,452,152324,22936.5,15.057705942596044,85.97639794419511,1,0,27
435,146624.5,4,338,452,152776,6151.5,4.026483217259255,93.788338705501,1,4,16
436,144463.5,4,338,452,152776,8312.5,5.44097240404252,92.98391927117932,1,4,16
437,139304.0,5,338,452,152776,13472.0,8.818138974708068,91.29261043930126,1,4,1
438,133496.5,7,338,452,152776,19279.5,12.61945593548725,84.14256777374811,1,0,4
439,90646.0,9,338,452,152776,62130.0,40.667382311357805,59.04749547938558,0,3,7
440,144354.5,4,338,452,152776,8421.5,5.512318688799287,93.13297165938448,1,4,16
441,97957.5,5,337,452,152324,54366.5,35.6913552690318,70.88591055887821,0,3,37
442,107350.0,6,338,452,152776,45426.0,29.73372781065089,75.49204276136996,2,1,2
443,106509.0,8,338,452,152776,46267.0,30.28420694349898,66.98225764817957,2,1,36
444,118952.5,6,338,452,152776,33823.5,22.139275802482064,79.95663061428255,2,1,10
445,118216.5,5,337,452,152324,34107.5,22.391415666605397,81.17832664711328,2,0,19
446,132590.0,5,338,452,152776,20186.0,13.212808294496517,88.511945515875,1,2,1
447,145571.0,5,338,452,152776,7205.0,4.716054877729486,94.1078548931071,1,4,1
448,126133.0,4,338,452,152776,26643.0,17.439257474996072,83.83525774049993,1,0,29
449,106840.5,6,338,453,153114,46273.5,30.22159959246052,75.52754000494907,2,1,2
450,118952.5,6,338,452,152776,33823.5,22.139275802482064,79.95663061428255,2,1,10
451,145584.5,4,338,452,152776,7191.5,4.707218411268785,93.21341637889012,1,4,16
452,144149.0,4,338,452,152776,8627.0,5.646829344923286,92.86602345331424,1,4,16
453,147237.0,5,338,453,153114,5877.0,3.838316548454093,94.92707334836304,1,4,1
454,147322.0,4,338,452,152776,5454.0,3.5699324501230563,94.44074372225155,1,4,16
455,96831.0,6,338,452,152776,55945.0,36.61897156621458,67.62429962285125,0,1,21
456,151288.5,4,338,453,153114,1825.5,1.1922489125749445,95.79992093888916,1,4,16
457,136323.5,5,338,452,152776,16452.5,10.76903440330942,89.86519693338407,1,4,1
458,138961.5,7,338,452,152776,13814.5,9.0423234015814,90.3767177326734,1,0,18
459,120317.0,4,337,452,152324,32007.0,21.012447152123105,80.74250971744243,2,0,-1
460,145867.5,5,338,453,153114,7246.5,4.732748148438418,94.34393101184736,1,4,1
461,146948.0,4,338,452,152776,5828.0,3.8147352987380216,94.10104391120628,1,4,16
462,100068.0,9,338,452,152776,52708.0,34.50018327485992,68.25192654215468,0,1,42
463,146624.5,4,338,452,152776,6151.5,4.026483217259255,93.788338705501,1,4,16
464,107350.0,6,338,452,152776,45426.0,29.73372781065089,75.49204276136996,2,1,2
465,132590.0,5,338,452,152776,20186.0,13.212808294496517,88.511945515875,1,2,1
466,88788.5,9,338,452,152776,63987.5,41.8832146410431,57.74779689712936,0,3,7
467,123932.5,7,337,452,152324,28391.5,18.638888159449596,82.01368076426313,2,0,4
468,105047.0,9,338,452,152776,47729.0,31.2411635335393,77.71556796616149,2,1,33
469,135780.0,7,338,453,153114,17334.0,11.32097652729339,86.28688756285962,1,0,4
470,145867.5,5,338,453,153114,7246.5,4.732748148438418,94.34393101184736,1,4,1
471,144149.0,4,338,452,152776,8627.0,5.646829344923286,92.86602345331424,1,4,16
472,99216.5,6,338,452,152776,53559.5,35.05753521495522,68.91691169985813,0,1,21
473,114131.5,5,338,452,152776,38644.5,25.29487615855894,79.30377255468858,2,1,14
474,149326.0,4,338,452,152776,3450.0,2.258208095512384,95.24562842354456,1,4,16
475,147972.0,4,338,452,152776,4804.0,3.1444729538670995,93.521441637874,1,4,16
476,88761.0,12,338,452,152776,64015.0,41.90121485050008,56.74422824950924,0,3,45
477,99751.0,8,337,452,152324,52573.0,34.513930831648324,71.30717536339064,0,3,5
478,128805.5,5,338,452,152776,23970.5,15.68996439231293,86.4118437067804,1,2,1
479,106631.5,9,337,452,152324,45692.5,29.996914471783832,72.4866168744297,2,3,22
480,108358.0,7,337,452,152324,43966.0,28.86347522386492,79.92857229511831,2,3,11
481,133719.0,6,338,452,152776,19057.0,12.47381787715348,85.12190791801946,1,0,0
482,141998.5,7,338,452,152776,10777.5,7.054445724459339,92.70508577372296,1,0,18
483,128018.5,7,337,452,152324,24305.5,15.95644809747643,84.96846662036573,1,0,4
484,91149.0,6,337,452,152324,61175.0,40.16110396260603,70.37952538532834,0,3,25
485,129910.5,5,338,452,152776,22865.5,14.966683248677803,86.23236025006362,1,2,1
486,151348.5,4,338,453,153114,1765.5,1.1530624240761784,96.5505961730223,1,4,16
487,135676.0,7,338,453,153114,17438.0,11.388899774024583,86.50509429337457,1,0,4
488,107953.5,6,338,452,152776,44822.5,29.33870503220401,69.48144117184621,2,1,9
489,112515.5,10,337,452,152324,39808.5,26.134095743284053,75.35474352831602,2,3,13
490,107350.0,6,338,452,152776,45426.0,29.73372781065089,75.49204276136996,2,1,2
491,122851.5,6,338,453,153114,30262.5,19.764685136564918,78.97891322604096,2,2,10
492,111616.5,6,337,452,152324,40707.5,26.72428507654736,75.50548108477439,2,3,-1
493,120954.5,5,337,452,152324,31369.5,20.59393135684462,81.33018289754796,2,0,19
494,111372.0,8,338,452,152776,41404.0,27.101115358433265,82.27317714620733,2,1,6
495,122518.0,7,338,452,152776,30258.0,19.805466827250356,85.40673059593855,2,2,4
496,108590.0,10,338,452,152776,44186.0,28.92208200240876,70.3452941227525,2,1,-1
497,106840.5,6,338,453,153114,46273.5,30.22159959246052,75.52754000494907,2,1,2
498,112515.5,10,337,452,152324,39808.5,26.134095743284053,75.35474352831602,2,3,13
499,140482.5,6,338,452,152776,12293.5,8.046748180342462,90.28055276128607,1,0,40
500,96327.5,5,338,452,152776,56448.5,36.94853903754517,69.02132487305843,0,1,37
501,84082.5,7,338,452,152776,68693.5,44.96354139393622,60.372343083735146,0,3,30
502,130978.5,7,338,452,152776,21797.5,14.26762056867571,83.96204892802508,1,0,4
503,97663.0,6,338,452,152776,55113.0,36.07438341100696,70.91845426310539,0,1,21
504,76014.5,3,337,452,152324,76309.5,50.09683306635855,54.90036911018557,0,5,12
505,144463.5,4,338,452,152776,8312.5,5.44097240404252,92.98391927117932,1,4,16
506,97957.5,5,337,452,152324,54366.5,35.6913552690318,70.88591055887821,0,3,37
507,148035.0,4,338,453,153114,5079.0,3.3171362514205107,94.56351042859114,1,4,16
508,101366.0,8,337,452,152324,50958.0,33.45369081694283,72.41142124792061,2,3,5
509,120954.5,5,337,452,152324,31369.5,20.59393135684462,81.33018289754796,2,0,19
510,120954.5,5,337,452,152324,31369.5,20.59393135684462,81.33018289754796,2,0,19
511,99216.5,6,338,452,152776,53559.5,35.05753521495522,68.91691169985813,0,1,21
512,111372.0,8,338,452,152776,41404.0,27.101115358433265,82.27317714620733,2,1,6
513,136323.5,5,338,452,152776,16452.5,10.76903440330942,89.86519693338407,1,4,1
514,122851.5,6,338,453,153114,30262.5,19.764685136564918,78.97891322604096,2,2,10
515,114131.5,5,338,452,152776,38644.5,25.29487615855894,79.30377255468858,2,1,14
516,133719.0,6,338,452,152776,19057.0,12.47381787715348,85.12190791801946,1,0,0
517,146589.5,4,338,452,152776,6186.5,4.049392574749961,93.93590006760286,1,4,16
518,97957.5,5,337,452,152324,54366.5,35.6913552690318,70.88591055887821,0,3,37
519,119329.5,8,338,452,152776,33446.5,21.89250929465361,85.9181466210694,2,2,38
520,76164.5,4,338,452,152776,76611.5,50.14629261140493,57.86535177566206,0,3,-1
521,148148.0,4,338,453,153114,4966.0,3.2433350314145013,94.585639890129,1,4,16
522,133062.0,5,338,452,152776,19714.0,12.90385924490758,87.68474166408973,1,0,1
523,144443.5,4,338,452,152776,8332.5,5.454063465465779,93.28155093579004,1,4,16
524,133495.0,4,337,453,152661,19166.0,12.554614472589597,87.41520422847037,1,0,27
525,145584.5,4,338,452,152776,7191.5,4.707218411268785,93.21341637889012,1,4,16
526,71345.0,11,337,452,152324,80979.0,53.162338173892486,43.57587871415488,0,5,28
527,123932.5,7,337,452,152324,28391.5,18.638888159449596,82.01368076426313,2,0,4
528,75978.5,3,337,452,152324,76345.5,50.12046689950369,55.03335680490013,0,5,12
529,150068.0,4,338,452,152776,2708.0,1.7725297167094307,95.912930073203,1,4,16
530,103485.5,9,338,452,152776,49290.5,32.26324815416034,74.22322848485591,2,1,22
531,133719.0,6,338,452,152776,19057.0,12.47381787715348,85.12190791801946,1,0,0
532,145583.5,5,338,453,153114,7530.5,4.9182308606659095,96.09613376000992,1,0,1
533,126446.0,5,338,452,152776,26330.0,17.23438236372205,84.41044925154944,1,2,1
534,129387.5,4,337,452,152324,22936.5,15.057705942596044,85.97639794419511,1,0,27
535,114561.5,11,338,452,152776,38214.5,25.013418337958843,72.24606028202862,2,1,23
536,107953.5,6,338,452,152776,44822.5,29.33870503220401,69.48144117184621,2,1,9
537,149843.5,6,338,454,153452,3608.5,2.351549670255194,97.95467062866588,1,4,15
538,108358.0,7,337,452,152324,43966.0,28.86347522386492,79.92857229511831,2,3,11
539,151288.5,4,338,453,153114,1825.5,1.1922489125749445,95.79992093888916,1,4,16
540,148276.0,4,338,452,152776,4500.0,2.9454888202335447,94.546634665808,1,4,16
541,112515.5,10,337,452,152324,39808.5,26.134095743284053,75.35474352831602,2,3,13
542,122602.0,5,338,453,153114,30512.0,19.92763561790561,79.28688722942714,2,2,19
543,128018.5,7,337,452,152324,24305.5,15.95644809747643,84.96846662036573,1,0,4
544,129387.5,4,337,452,152324,22936.5,15.057705942596044,85.97639794419511,1,0,27
545,129910.5,5,338,452,152776,22865.5,14.966683248677803,86.23236025006362,1,2,1
546,146624.5,4,338,452,152776,6151.5,4.026483217259255,93.788338705501,1,4,16
547,106509.0,8,338,452,152776,46267.0,30.28420694349898,66.98225764817957,2,1,36
548,122602.0,5,338,453,153114,30512.0,19.92763561790561,79.28688722942714,2,2,19
549,104465.0,8,338,452,152776,48311.0,31.62211342095617,70.98392944433286,2,1,5
550,131174.0,5,338,452,152776,21602.0,14.13965544326334,90.03113563622311,1,2,1
551,128548.5,6,337,452,152324,23775.5,15.608505553950788,86.14508604927529,1,0,0
552,103886.0,7,338,452,152776,48890.0,32.00109964915956,73.96580703532956,2,1,3
553,106509.0,8,338,452,152776,46267.0,30.28420694349898,66.98225764817957,2,1,36
554,145867.5,5,338,453,153114,7246.5,4.732748148438418,94.34393101184736,1,4,1
555,128253.0,9,338,452,152776,24523.0,16.05160496413049,83.26766320045496,1,0,24
556,135504.0,4,337,452,152324,16820.0,11.042252041700586,88.4592846889227,1,4,27
557,144354.5,4,338,452,152776,8421.5,5.512318688799287,93.13297165938448,1,4,16
558,150708.0,4,338,453,153114,2406.0,1.5713781888005016,95.44699792590664,1,4,16
559,103886.0,7,338,452,152776,48890.0,32.00109964915956,73.96580703532956,2,1,3
560,129387.5,4,337,452,152324,22936.5,15.057705942596044,85.97639794419511,1,0,27
561,146624.5,4,338,452,152776,6151.5,4.026483217259255,93.788338705501,1,4,16
562,149251.0,4,338,452,152776,3525.0,2.3072995758496098,95.19779065830764,1,4,16
563,126584.5,7,338,452,152776,26191.5,17.143726763365976,89.47749341489352,1,2,31
564,88788.5,9,338,452,152776,63987.5,41.8832146410431,57.74779689712936,0,3,7
565,149843.5,6,338,454,153452,3608.5,2.351549670255194,97.95467062866588,1,4,15
566,146698.0,8,338,452,152776,6078.0,3.978373566528774,95.97822895532713,1,0,34
567,90646.0,9,338,452,152776,62130.0,40.667382311357805,59.04749547938558,0,3,7
568,131935.0,7,338,452,152776,20841.0,13.64154055610829,83.00819646291959,1,0,4
569,123434.0,4,337,452,152324,28890.0,18.96615109897324,83.20762718334522,2,0,29
570,100068.0,9,338,452,152776,52708.0,34.50018327485992,68.25192654215468,0,1,42
571,129910.5,5,338,452,152776,22865.5,14.966683248677803,86.23236025006362,1,2,1
572,91149.0,6,337,452,152324,61175.0,40.16110396260603,70.37952538532834,0,3,25
573,149843.5,6,338,454,153452,3608.5,2.351549670255194,97.95467062866588,1,4,15
574,149030.5,4,338,453,153114,4083.5,2.666967096411824,94.89203841101175,1,4,16
575,140398.5,4,338,452,152776,12377.5,8.101730638320156,90.96821595292155,1,4,16
576,105330.5,11,338,452,152776,47445.5,31.055597737864588,70.95999349763495,2,1,17
577,100151.0,7,337,452,152324,52173.0,34.25133268559124,68.38467902548132,0,3,3
578,131174.0,5,338,452,152776,21602.0,14.13965544326334,90.03113563622311,1,2,1
579,151500.5,4,338,453,153114,1613.5,1.0537899865459723,96.64756237688896,1,4,16
580,145584.5,4,338,452,152776,7191.5,4.707218411268785,93.21341637889012,1,4,16
581,123932.5,7,337,452,152324,28391.5,18.638888159449596,82.01368076426313,2,0,4
582,139479.5,5,338,452,152776,13296.5,8.70326491071896,91.59196371022756,1,4,1
583,99216.5,6,338,452,152776,53559.5,35.05753521495522,68.91691169985813,0,1,21
584,106840.5,6,338,453,153114,46273.5,30.22159959246052,75.52754000494907,2,1,2
585,128018.5,7,337,452,152324,24305.5,15.95644809747643,84.96846662036573,1,0,4
586,114561.5,11,338,452,152776,38214.5,25.013418337958843,72.24606028202862,2,1,23
587,81582.0,9,338,452,152776,71194.0,46.60025134837933,55.53853749928784,0,3,44
588,149251.0,4,338,452,152776,3525.0,2.3072995758496098,95.19779065830764,1,4,16
589,126446.0,5,338,452,152776,26330.0,17.23438236372205,84.41044925154944,1,2,1
590,148808.0,4,338,452,152776,3968.0,2.597266586374823,94.66512303884448,1,4,16
591,101580.0,4,338,452,152776,51196.0,33.51049903126145,72.74694374903936,2,1,-1
592,136562.0,5,338,452,152776,16214.0,10.612923495837045,89.91825065865171,1,4,1
593,140398.5,4,338,452,152776,12377.5,8.101730638320156,90.96821595292155,1,4,16
594,96831.0,6,338,452,152776,55945.0,36.61897156621458,67.62429962285125,0,1,21
595,84082.5,7,338,452,152776,68693.5,44.96354139393622,60.372343083735146,0,3,30
596,128018.5,7,337,452,152324,24305.5,15.95644809747643,84.96846662036573,1,0,4
597,102062.5,6,338,452,152776,50713.5,33.1946771744253,66.48864366254892,2,1,21
598,120954.5,5,337,452,152324,31369.5,20.59393135684462,81.33018289754796,2,0,19
599,135780.0,7,338,453,153114,17334.0,11.32097652729339,86.28688756285962,1,0,4
600,105330.5,11,338,452,152776,47445.5,31.055597737864588,70.95999349763495,2,1,17
601,148148.0,4,338,453,153114,4966.0,3.2433350314145013,94.585639890129,1,4,16
602,91149.0,6,337,452,152324,61175.0,40.16110396260603,70.37952538532834,0,3,25
603,151500.5,4,338,453,153114,1613.5,1.0537899865459723,96.64756237688896,1,4,16
604,136323.5,5,338,452,152776,16452.5,10.76903440330942,89.86519693338407,1,4,1
605,135780.0,7,338,453,153114,17334.0,11.32097652729339,86.28688756285962,1,0,4
606,122602.0,5,338,453,153114,30512.0,19.92763561790561,79.28688722942714,2,2,19
607,102118.0,7,338,452,152776,50658.0,33.15834947897576,75.76488535663916,2,1,3
608,91149.0,6,337,452,152324,61175.0,40.16110396260603,70.37952538532834,0,3,25
609,122602.0,5,338,453,153114,30512.0,19.92763561790561,79.28688722942714,2,2,19
610,145210.5,4,338,453,153114,7903.5,5.161840197499902,93.21268053051772,1,4,16
611,147237.0,5,338,453,153114,5877.0,3.838316548454093,94.92707334836304,1,4,1
612,123434.0,4,337,452,152324,28890.0,18.96615109897324,83.20762718334522,2,0,29
613,115232.0,6,337,452,152324,37092.0,24.350726083873848,78.73571346188557,2,0,10
614,123434.0,4,337,452,152324,28890.0,18.96615109897324,83.20762718334522,2,0,29
615,104465.0,8,338,452,152776,48311.0,31.62211342095617,70.98392944433286,2,1,5
616,99751.0,8,337,452,152324,52573.0,34.513930831648324,71.30717536339064,0,3,5
617,122602.0,5,338,453,153114,30512.0,19.92763561790561,79.28688722942714,2,2,19
618,76014.5,3,337,452,152324,76309.5,50.09683306635855,54.90036911018557,0,5,12
619,103155.5,10,338,452,152776,49620.5,32.47925066764413,73.87175212499213,2,1,46
620,131174.0,5,338,452,152776,21602.0,14.13965544326334,90.03113563622311,1,2,1
621,140398.5,4,338,452,152776,12377.5,8.101730638320156,90.96821595292155,1,4,16
622,128253.0,9,338,452,152776,24523.0,16.05160496413049,83.26766320045496,1,0,24
623,103886.0,7,338,452,152776,48890.0,32.00109964915956,73.96580703532956,2,1,3
624,92917.5,5,338,452,152776,59858.5,39.18056501021103,69.86965471844037,0,1,37
625,149564.0,4,338,452,152776,3212.0,2.102424464575588,94.49512079110087,1,4,16
626,123434.0,4,337,452,152324,28890.0,18.96615109897324,83.20762718334522,2,0,29
627,71113.5,8,338,452,152776,81662.5,53.45244017384929,44.573009613548365,0,5,32
628,130978.5,7,338,452,152776,21797.5,14.26762056867571,83.96204892802508,1,0,4
629,144463.5,4,338,452,152776,8312.5,5.44097240404252,92.98391927117932,1,4,16
630,128018.5,7,337,452,152324,24305.5,15.95644809747643,84.96846662036573,1,0,4
631,150234.5,6,338,452,152776,2541.5,1.6635466303607898,97.59044646838294,1,0,15
632,114544.0,8,338,452,152776,38232.0,25.0248730167042,74.79061777492521,2,1,8
633,106840.5,6,338,453,153114,46273.5,30.22159959246052,75.52754000494907,2,1,2
634,123434.0,4,337,452,152324,28890.0,18.96615109897324,83.20762718334522,2,0,29
635,115232.0,6,337,452,152324,37092.0,24.350726083873848,78.73571346188557,2,0,10
636,150068.0,4,338,452,152776,2708.0,1.7725297167094307,95.912930073203,1,4,16
637,99751.0,8,337,452,152324,52573.0,34.513930831648324,71.30717536339064,0,3,5
638,98571.5,6,338,452,152776,54204.5,35.47972194585537,68.35763012331073,0,1,21
639,114544.0,8,338,452,152776,38232.0,25.0248730167042,74.79061777492521,2,1,8
640,107566.5,8,337,452,152324,44757.5,29.383091305375387,73.4715793388593,2,3,26
641,111372.0,8,338,452,152776,41404.0,27.101115358433265,82.27317714620733,2,1,6
642,135780.0,7,338,453,153114,17334.0,11.32097652729339,86.28688756285962,1,0,4
643,107350.0,6,338,452,152776,45426.0,29.73372781065089,75.49204276136996,2,1,2
644,145210.5,4,338,453,153114,7903.5,5.161840197499902,93.21268053051772,1,4,16
645,144463.5,4,338,452,152776,8312.5,5.44097240404252,92.98391927117932,1,4,16
646,101366.0,8,337,452,152324,50958.0,33.45369081694283,72.41142124792061,2,3,5
647,128805.5,5,338,452,152776,23970.5,15.68996439231293,86.4118437067804,1,2,1
648,108358.0,7,337,452,152324,43966.0,28.86347522386492,79.92857229511831,2,3,11
649,120954.5,5,337,452,152324,31369.5,20.59393135684462,81.33018289754796,2,0,19
650,136323.5,5,338,452,152776,16452.5,10.76903440330942,89.86519693338407,1,4,1
651,76014.5,3,337,452,152324,76309.5,50.09683306635855,54.90036911018557,0,5,12
652,144021.5,4,338,452,152776,8754.5,5.73028486149657,92.65849582476176,1,4,16
653,105330.5,11,338,452,152776,47445.5,31.055597737864588,70.95999349763495,2,1,17
654,108590.0,10,338,452,152776,44186.0,28.92208200240876,70.3452941227525,2,1,-1
655,103155.5,10,338,452,152776,49620.5,32.47925066764413,73.87175212499213,2,1,46
656,119329.5,8,338,452,152776,33446.5,21.89250929465361,85.9181466210694,2,2,38
657,124368.5,9,337,452,152324,27955.5,18.35265618024737,82.27180492357601,2,0,24
658,106840.5,6,338,453,153114,46273.5,30.22159959246052,75.52754000494907,2,1,2
659,120317.0,4,337,452,152324,32007.0,21.012447152123105,80.74250971744243,2,0,-1
660,103155.5,10,338,452,152776,49620.5,32.47925066764413,73.87175212499213,2,1,46
661,99216.5,6,338,452,152776,53559.5,35.05753521495522,68.91691169985813,0,1,21
662,103155.5,10,338,452,152776,49620.5,32.47925066764413,73.87175212499213,2,1,46
663,128805.5,5,338,452,152776,23970.5,15.68996439231293,86.4118437067804,1,2,1
664,128018.5,7,337,452,152324,24305.5,15.95644809747643,84.96846662036573,1,0,4
665,84082.5,7,338,452,152776,68693.5,44.96354139393622,60.372343083735146,0,3,30
666,74618.0,9,338,452,152776,78158.0,51.15855893595853,47.10484724519679,0,5,39
667,133496.5,7,338,452,152776,19279.5,12.61945593548725,84.14256777374811,1,0,4
668,124368.5,9,337,452,152324,27955.5,18.35265618024737,82.27180492357601,2,0,24
669,147237.0,5,338,453,153114,5877.0,3.838316548454093,94.92707334836304,1,4,1
670,96831.0,6,338,452,152776,55945.0,36.61897156621458,67.62429962285125,0,1,21
671,107953.5,6,338,452,152776,44822.5,29.33870503220401,69.48144117184621,2,1,9
672,147237.0,5,338,453,153114,5877.0,3.838316548454093,94.92707334836304,1,4,1
673,97957.5,5,337,452,152324,54366.5,35.6913552690318,70.88591055887821,0,3,37
674,131935.0,7,338,452,152776,20841.0,13.64154055610829,83.00819646291959,1,0,4
675,134560.0,5,338,452,152776,18216.0,11.923338744305388,90.38397720845144,1,2,1
676,147972.0,4,338,452,152776,4804.0,3.1444729538670995,93.521441637874,1,4,16
677,144463.5,4,338,452,152776,8312.5,5.44097240404252,92.98391927117932,1,4,16
678,120954.5,5,337,452,152324,31369.5,20.59393135684462,81.33018289754796,2,0,19
679,129387.5,4,337,452,152324,22936.5,15.057705942596044,85.97639794419511,1,0,27
680,129387.5,4,337,452,152324,22936.5,15.057705942596044,85.97639794419511,1,0,27
681,133719.0,6,338,452,152776,19057.0,12.47381787715348,85.12190791801946,1,0,0
682,130978.5,7,338,452,152776,21797.5,14.26762056867571,83.96204892802508,1,0,4
683,108069.0,5,337,452,152324,44255.0,29.053202384391163,75.84496865880092,2,3,41
684,114131.5,5,338,452,152776,38644.5,25.29487615855894,79.30377255468858,2,1,14
685,139570.5,6,338,452,152776,13205.5,8.643700581243127,88.65081911865245,1,0,40
686,144071.5,4,338,452,152776,8704.5,5.69755720793842,92.57154938791956,1,4,16
687,125126.0,9,338,452,152776,27650.0,18.098392417657223,81.95212106928051,2,0,24
688,74618.0,9,338,452,152776,78158.0,51.15855893595853,47.10484724519679,0,5,39
689,134844.5,4,338,452,152776,17931.5,11.737118395559513,88.14962676390897,1,2,27
690,133719.0,6,338,452,152776,19057.0,12.47381787715348,85.12190791801946,1,0,0
691,114561.5,11,338,452,152776,38214.5,25.013418337958843,72.24606028202862,2,1,23
692,120380.5,5,337,452,152324,31943.5,20.970759696436545,81.69768031077992,2,0,19
693,106840.5,6,338,453,153114,46273.5,30.22159959246052,75.52754000494907,2,1,2
694,102062.5,6,338,452,152776,50713.5,33.1946771744253,66.48864366254892,2,1,21
695,88761.0,12,338,452,152776,64015.0,41.90121485050008,56.74422824950924,0,3,45
696,84082.5,7,338,452,152776,68693.5,44.96354139393622,60.372343083735146,0,3,30
697,114561.5,11,338,452,152776,38214.5,25.013418337958843,72.24606028202862,2,1,23
698,146948.0,4,338,452,152776,5828.0,3.8147352987380216,94.10104391120628,1,4,16
699,147237.0,5,338,453,153114,5877.0,3.838316548454093,94.92707334836304,1,4,1
700,130978.5,7,338,452,152776,21797.5,14.26762056867571,83.96204892802508,1,0,4
701,128253.0,9,338,452,152776,24523.0,16.05160496413049,83.26766320045496,1,0,24
702,129387.5,4,337,452,152324,22936.5,15.057705942596044,85.97639794419511,1,0,27
703,145683.5,4,338,452,152776,7092.5,4.642417657223648,93.39640099228974,1,4,16
704,149030.5,4,338,453,153114,4083.5,2.666967096411824,94.89203841101175,1,4,16
705,84082.5,7,338,452,152776,68693.5,44.96354139393622,60.372343083735146,0,3,30
706,106840.5,6,338,453,153114,46273.5,30.22159959246052,75.52754000494907,2,1,2
707,147237.0,5,338,453,153114,5877.0,3.838316548454093,94.92707334836304,1,4,1
708,122602.0,5,338,453,153114,30512.0,19.92763561790561,79.28688722942714,2,2,19
709,144354.5,4,338,452,152776,8421.5,5.512318688799287,93.13297165938448,1,4,16
710,148230.0,4,338,452,152776,4546.0,2.975598261507043,94.55868276128884,1,4,16
711,145583.5,5,338,453,153114,7530.5,4.9182308606659095,96.09613376000992,1,0,1
712,112515.5,10,337,452,152324,39808.5,26.134095743284053,75.35474352831602,2,3,13
713,107953.5,6,338,452,152776,44822.5,29.33870503220401,69.48144117184621,2,1,9
714,99216.5,6,338,452,152776,53559.5,35.05753521495522,68.91691169985813,0,1,21
715,96831.0,6,338,452,152776,55945.0,36.61897156621458,67.62429962285125,0,1,21
716,103155.5,10,338,452,152776,49620.5,32.47925066764413,73.87175212499213,2,1,46
717,95823.0,7,338,452,152776,56953.0,37.2787610619469,70.6274254848515,0,1,3
718,101584.5,6,338,452,152776,51191.5,33.50755354244122,74.32976542510427,2,1,-1
719,135504.0,4,337,452,152324,16820.0,11.042252041700586,88.4592846889227,1,4,27
720,103886.0,7,338,452,152776,48890.0,32.00109964915956,73.96580703532956,2,1,3
721,139479.5,5,338,452,152776,13296.5,8.70326491071896,91.59196371022756,1,4,1
722,149326.0,4,338,452,152776,3450.0,2.258208095512384,95.24562842354456,1,4,16
723,108069.0,5,337,452,152324,44255.0,29.053202384391163,75.84496865880092,2,3,41
724,97663.0,6,338,452,152776,55113.0,36.07438341100696,70.91845426310539,0,1,21
725,145210.5,4,338,453,153114,7903.5,5.161840197499902,93.21268053051772,1,4,16
726,99216.5,6,338,452,152776,53559.5,35.05753521495522,68.91691169985813,0,1,21
727,111976.0,8,338,452,152776,40800.0,26.7057653034508,82.89256440912142,2,1,6
728,123434.0,4,337,452,152324,28890.0,18.96615109897324,83.20762718334522,2,0,29
729,107350.0,6,338,452,152776,45426.0,29.73372781065089,75.49204276136996,2,1,2
730,145584.5,4,338,452,152776,7191.5,4.707218411268785,93.21341637889012,1,4,16
731,146589.5,4,338,452,152776,6186.5,4.049392574749961,93.93590006760286,1,4,16
732,135697.5,7,338,453,153114,17416.5,11.374857948979193,86.33087263715902,1,0,4
733,120380.5,5,337,452,152324,31943.5,20.970759696436545,81.69768031077992,2,0,19
734,126133.0,4,338,452,152776,26643.0,17.439257474996072,83.83525774049993,1,0,29
735,149326.0,4,338,452,152776,3450.0,2.258208095512384,95.24562842354456,1,4,16
736,144021.5,4,338,452,152776,8754.5,5.73028486149657,92.65849582476176,1,4,16
737,151348.5,4,338,453,153114,1765.5,1.1530624240761784,96.5505961730223,1,4,16
738,149173.0,4,338,452,152776,3603.0,2.3583547154003246,95.14803938246128,1,4,16
739,135780.0,7,338,453,153114,17334.0,11.32097652729339,86.28688756285962,1,0,4
740,151500.5,4,338,453,153114,1613.5,1.0537899865459723,96.64756237688896,1,4,16
741,150708.0,4,338,453,153114,2406.0,1.5713781888005016,95.44699792590664,1,4,16
742,129910.5,5,338,452,152776,22865.5,14.966683248677803,86.23236025006362,1,2,1
743,108055.5,6,338,452,152776,44720.5,29.271940618945383,70.28819006749032,2,1,9
744,110290.0,4,338,452,152776,42486.0,27.80934178143164,76.77246191763132,2,1,20
745,106840.5,6,338,453,153114,46273.5,30.22159959246052,75.52754000494907,2,1,2
746,106631.5,9,337,452,152324,45692.5,29.996914471783832,72.4866168744297,2,3,22
747,122851.5,6,338,453,153114,30262.5,19.764685136564918,78.97891322604096,2,2,10
748,148565.5,4,338,452,152776,4210.5,2.7559957061318534,94.86689059848013,1,4,16
749,149843.5,6,338,454,153452,3608.5,2.351549670255194,97.95467062866588,1,4,15
750,119329.5,8,338,452,152776,33446.5,21.89250929465361,85.9181466210694,2,2,38
751,76014.5,3,337,452,152324,76309.5,50.09683306635855,54.90036911018557,0,5,12
752,146948.0,4,338,452,152776,5828.0,3.8147352987380216,94.10104391120628,1,4,16
753,130978.5,7,338,452,152776,21797.5,14.26762056867571,83.96204892802508,1,0,4
754,102062.5,6,338,452,152776,50713.5,33.1946771744253,66.48864366254892,2,1,21
755,107350.0,6,338,452,152776,45426.0,29.73372781065089,75.49204276136996,2,1,2
756,147322.0,4,338,452,152776,5454.0,3.5699324501230563,94.44074372225155,1,4,16
757,106543.5,7,338,452,152776,46232.5,30.261624862543854,70.30425759472013,2,1,3
758,135504.0,4,337,452,152324,16820.0,11.042252041700586,88.4592846889227,1,4,27
759,143973.0,4,338,452,152776,8803.0,5.762030685447976,92.66221465288103,1,4,16
760,81582.0,9,338,452,152776,71194.0,46.60025134837933,55.53853749928784,0,3,44
761,122851.5,6,338,453,153114,30262.5,19.764685136564918,78.97891322604096,2,2,10
762,114131.5,5,338,452,152776,38644.5,25.29487615855894,79.30377255468858,2,1,14
763,130412.0,4,338,452,152776,22364.0,14.638424883489554,87.13441232605925,1,2,27
764,124548.5,8,338,452,152776,28227.5,18.476396816253864,82.24098065847853,2,0,-1
765,149843.5,6,338,454,153452,3608.5,2.351549670255194,97.95467062866588,1,4,15
766,102867.5,7,337,452,152324,49456.5,32.46796302618103,72.14792831654782,2,3,3
767,107566.5,8,337,452,152324,44757.5,29.383091305375387,73.4715793388593,2,3,26
768,139570.5,6,338,452,152776,13205.5,8.643700581243127,88.65081911865245,1,0,40
769,146698.0,8,338,452,152776,6078.0,3.978373566528774,95.97822895532713,1,0,34
770,107953.5,6,338,452,152776,44822.5,29.33870503220401,69.48144117184621,2,1,9
771,98571.5,6,338,452,152776,54204.5,35.47972194585537,68.35763012331073,0,1,21
772,90646.0,9,338,452,152776,62130.0,40.667382311357805,59.04749547938558,0,3,7
773,93482.5,7,337,452,152324,58841.5,38.62917202804548,65.24817831284099,0,3,35
774,128253.0,9,338,452,152776,24523.0,16.05160496413049,83.26766320045496,1,0,24
775,139570.5,6,338,452,152776,13205.5,8.643700581243127,88.65081911865245,1,0,40
776,144071.5,4,338,452,152776,8704.5,5.69755720793842,92.57154938791956,1,4,16
777,148230.0,4,338,452,152776,4546.0,2.975598261507043,94.55868276128884,1,4,16
778,144463.5,4,338,452,152776,8312.5,5.44097240404252,92.98391927117932,1,4,16
779,126133.0,4,338,452,152776,26643.0,17.439257474996072,83.83525774049993,1,0,29
780,106509.0,8,338,452,152776,46267.0,30.28420694349898,66.98225764817957,2,1,36
781,146589.5,4,338,452,152776,6186.5,4.049392574749961,93.93590006760286,1,4,16
782,99751.0,8,337,452,152324,52573.0,34.513930831648324,71.30717536339064,0,3,5
783,114561.5,11,338,452,152776,38214.5,25.013418337958843,72.24606028202862,2,1,23
784,147972.0,4,338,452,152776,4804.0,3.1444729538670995,93.521441637874,1,4,16
785,135780.0,7,338,453,153114,17334.0,11.32097652729339,86.28688756285962,1,0,4
786,103886.0,7,338,452,152776,48890.0,32.00109964915956,73.96580703532956,2,1,3
787,139479.5,5,338,452,152776,13296.5,8.70326491071896,91.59196371022756,1,4,1
788,145464.5,4,338,452,152776,7311.5,4.785764779808347,93.39629915529616,1,4,16
789,81086.5,6,338,452,152776,71689.5,46.9245823951406,51.408534719425305,0,5,43
790,145867.5,5,338,453,153114,7246.5,4.732748148438418,94.34393101184736,1,4,1
791,132590.0,5,338,452,152776,20186.0,13.212808294496517,88.511945515875,1,2,1
792,91149.0,6,337,452,152324,61175.0,40.16110396260603,70.37952538532834,0,3,25
793,145867.5,5,338,453,153114,7246.5,4.732748148438418,94.34393101184736,1,4,1
794,123434.0,4,337,452,152324,28890.0,18.96615109897324,83.20762718334522,2,0,29
795,103886.0,7,338,452,152776,48890.0,32.00109964915956,73.96580703532956,2,1,3
796,128253.0,9,338,452,152776,24523.0,16.05160496413049,83.26766320045496,1,0,24
797,98571.5,6,338,452,152776,54204.5,35.47972194585537,68.35763012331073,0,1,21
798,111372.0,8,338,452,152776,41404.0,27.101115358433265,82.27317714620733,2,1,6
799,129910.5,5,338,452,152776,22865.5,14.966683248677803,86.23236025006362,1,2,1
800,107350.0,6,338,452,152776,45426.0,29.73372781065089,75.49204276136996,2,1,2
801,133719.0,6,338,452,152776,19057.0,12.47381787715348,85.12190791801946,1,0,0
802,128805.5,5,338,452,152776,23970.5,15.68996439231293,86.4118437067804,1,2,1
803,111976.0,8,338,452,152776,40800.0,26.7057653034508,82.89256440912142,2,1,6
804,75978.5,3,337,452,152324,76345.5,50.12046689950369,55.03335680490013,0,5,12
805,127334.0,7,337,452,152324,24990.0,16.405819174916626,82.94183994594007,1,0,4
806,137337.0,5,337,453,152661,15324.0,10.037927171969264,90.2485240195154,1,4,1
807,122602.0,5,338,453,153114,30512.0,19.92763561790561,79.28688722942714,2,2,19
808,100068.0,9,338,452,152776,52708.0,34.50018327485992,68.25192654215468,0,1,42
809,105047.0,9,338,452,152776,47729.0,31.2411635335393,77.71556796616149,2,1,33
810,149326.0,4,338,452,152776,3450.0,2.258208095512384,95.24562842354456,1,4,16
811,148276.0,4,338,452,152776,4500.0,2.9454888202335447,94.546634665808,1,4,16
812,148276.0,4,338,452,152776,4500.0,2.9454888202335447,94.546634665808,1,4,16
813,130978.5,7,338,452,152776,21797.5,14.26762056867571,83.96204892802508,1,0,4
814,120317.0,4,337,452,152324,32007.0,21.012447152123105,80.74250971744243,2,0,-1
815,107566.5,8,337,452,152324,44757.5,29.383091305375387,73.4715793388593,2,3,26
816,97455.0,10,338,452,152776,55321.0,36.21053044980887,63.08069242628622,0,1,-1
817,123434.0,4,337,452,152324,28890.0,18.96615109897324,83.20762718334522,2,0,29
818,81086.5,6,338,452,152776,71689.5,46.9245823951406,51.408534719425305,0,5,43
819,146698.0,8,338,452,152776,6078.0,3.978373566528774,95.97822895532713,1,0,34
820,111976.0,8,338,452,152776,40800.0,26.7057653034508,82.89256440912142,2,1,6
821,140482.5,6,338,452,152776,12293.5,8.046748180342462,90.28055276128607,1,0,40
822,148808.0,4,338,452,152776,3968.0,2.597266586374823,94.66512303884448,1,4,16
823,140398.5,4,338,452,152776,12377.5,8.101730638320156,90.96821595292155,1,4,16
824,114561.5,11,338,452,152776,38214.5,25.013418337958843,72.24606028202862,2,1,23
825,122602.0,5,338,453,153114,30512.0,19.92763561790561,79.28688722942714,2,2,19
826,141998.5,7,338,452,152776,10777.5,7.054445724459339,92.70508577372296,1,0,18
827,133496.5,7,338,452,152776,19279.5,12.61945593548725,84.14256777374811,1,0,4
828,148276.0,4,338,452,152776,4500.0,2.9454888202335447,94.546634665808,1,4,16
829,128805.5,5,338,452,152776,23970.5,15.68996439231293,86.4118437067804,1,2,1
830,114561.5,11,338,452,152776,38214.5,25.013418337958843,72.24606028202862,2,1,23
831,151348.5,4,338,453,153114,1765.5,1.1530624240761784,96.5505961730223,1,4,16
832,148808.0,4,338,452,152776,3968.0,2.597266586374823,94.66512303884448,1,4,16
833,139570.5,6,338,452,152776,13205.5,8.643700581243127,88.65081911865245,1,0,40
834,149564.0,4,338,452,152776,3212.0,2.102424464575588,94.49512079110087,1,4,16
835,122518.0,7,338,452,152776,30258.0,19.805466827250356,85.40673059593855,2,2,4
836,136323.5,5,338,452,152776,16452.5,10.76903440330942,89.86519693338407,1,4,1
837,133495.0,4,337,453,152661,19166.0,12.554614472589597,87.41520422847037,1,0,27
838,126133.0,4,338,452,152776,26643.0,17.439257474996072,83.83525774049993,1,0,29
839,112515.5,10,337,452,152324,39808.5,26.134095743284053,75.35474352831602,2,3,13
840,144021.5,4,338,452,152776,8754.5,5.73028486149657,92.65849582476176,1,4,16
841,145867.5,5,338,453,153114,7246.5,4.732748148438418,94.34393101184736,1,4,1
842,126584.5,7,338,452,152776,26191.5,17.143726763365976,89.47749341489352,1,2,31
843,144021.5,4,338,452,152776,8754.5,5.73028486149657,92.65849582476176,1,4,16
844,106509.0,8,338,452,152776,46267.0,30.28420694349898,66.98225764817957,2,1,36
845,131174.0,5,338,452,152776,21602.0,14.13965544326334,90.03113563622311,1,2,1
846,144463.5,4,338,452,152776,8312.5,5.44097240404252,92.98391927117932,1,4,16
847,108358.0,7,337,452,152324,43966.0,28.86347522386492,79.92857229511831,2,3,11
848,147644.5,4,338,453,153114,5469.5,3.57217498073331,94.42005698812586,1,4,16
849,149564.0,4,338,452,152776,3212.0,2.102424464575588,94.49512079110087,1,4,16
850,141032.5,5,338,452,152776,11743.5,7.686743991202808,92.51974515543198,1,4,1
851,136562.0,5,338,452,152776,16214.0,10.612923495837045,89.91825065865171,1,4,1
852,123434.0,4,337,452,152324,28890.0,18.96615109897324,83.20762718334522,2,0,29
853,135780.0,7,338,453,153114,17334.0,11.32097652729339,86.28688756285962,1,0,4
854,131174.0,5,338,452,152776,21602.0,14.13965544326334,90.03113563622311,1,2,1
855,133347.5,7,338,452,152776,19428.5,12.716984343090536,85.58393014336846,1,0,4
856,108358.0,7,337,452,152324,43966.0,28.86347522386492,79.92857229511831,2,3,11
857,108069.0,5,337,452,152324,44255.0,29.053202384391163,75.84496865880092,2,3,41
858,103886.0,7,338,452,152776,48890.0,32.00109964915956,73.96580703532956,2,1,3
859,149030.5,4,338,453,153114,4083.5,2.666967096411824,94.89203841101175,1,4,16
860,105330.5,11,338,452,152776,47445.5,31.055597737864588,70.95999349763495,2,1,17
861,97957.5,5,337,452,152324,54366.5,35.6913552690318,70.88591055887821,0,3,37
862,145867.5,5,338,453,153114,7246.5,4.732748148438418,94.34393101184736,1,4,1
863,148035.0,4,338,453,153114,5079.0,3.3171362514205107,94.56351042859114,1,4,16
864,131174.0,5,338,452,152776,21602.0,14.13965544326334,90.03113563622311,1,2,1
865,144463.5,4,338,452,152776,8312.5,5.44097240404252,92.98391927117932,1,4,16
866,135768.0,4,337,452,152324,16556.0,10.868937265302907,88.94358125958998,1,4,27
867,126584.5,7,338,452,152776,26191.5,17.143726763365976,89.47749341489352,1,2,31
868,145584.5,4,338,452,152776,7191.5,4.707218411268785,93.21341637889012,1,4,16
869,128253.0,9,338,452,152776,24523.0,16.05160496413049,83.26766320045496,1,0,24
870,128018.5,7,337,452,152324,24305.5,15.95644809747643,84.96846662036573,1,0,4
871,140398.5,4,338,452,152776,12377.5,8.101730638320156,90.96821595292155,1,4,16
872,107953.5,6,338,452,152776,44822.5,29.33870503220401,69.48144117184621,2,1,9
873,124368.5,9,337,452,152324,27955.5,18.35265618024737,82.27180492357601,2,0,24
874,138961.5,7,338,452,152776,13814.5,9.0423234015814,90.3767177326734,1,0,18
875,97957.5,5,337,452,152324,54366.5,35.6913552690318,70.88591055887821,0,3,37
876,147644.5,4,338,453,153114,5469.5,3.57217498073331,94.42005698812586,1,4,16
877,114561.5,11,338,452,152776,38214.5,25.013418337958843,72.24606028202862,2,1,23
878,99182.0,7,338,453,153114,53932.0,35.22342829525713,71.67348867959417,0,1,3
879,144463.5,4,338,452,152776,8312.5,5.44097240404252,92.98391927117932,1,4,16
880,128018.5,7,337,452,152324,24305.5,15.95644809747643,84.96846662036573,1,0,4
881,111372.0,8,338,452,152776,41404.0,27.101115358433265,82.27317714620733,2,1,6
882,110290.0,4,338,452,152776,42486.0,27.80934178143164,76.77246191763132,2,1,20
883,91149.0,6,337,452,152324,61175.0,40.16110396260603,70.37952538532834,0,3,25
884,135780.0,7,338,453,153114,17334.0,11.32097652729339,86.28688756285962,1,0,4
885,133719.0,6,338,452,152776,19057.0,12.47381787715348,85.12190791801946,1,0,0
886,106509.0,8,338,452,152776,46267.0,30.28420694349898,66.98225764817957,2,1,36
887,147644.5,4,338,453,153114,5469.5,3.57217498073331,94.42005698812586,1,4,16
888,145683.5,4,338,452,152776,7092.5,4.642417657223648,93.39640099228974,1,4,16
889,107153.0,7,338,452,152776,45623.0,29.86267476567,70.57005431303384,2,1,3
890,146948.0,4,338,452,152776,5828.0,3.8147352987380216,94.10104391120628,1,4,16
891,128018.5,7,337,452,152324,24305.5,15.95644809747643,84.96846662036573,1,0,4
892,81582.0,9,338,452,152776,71194.0,46.60025134837933,55.53853749928784,0,3,44
893,126584.5,7,338,452,152776,26191.5,17.143726763365976,89.47749341489352,1,2,31
894,122851.5,6,338,453,153114,30262.5,19.764685136564918,78.97891322604096,2,2,10
895,147436.5,4,338,452,152776,5339.5,3.494986123474892,94.08765336708736,1,4,16
896,104465.0,8,338,452,152776,48311.0,31.62211342095617,70.98392944433286,2,1,5
897,144463.5,4,338,452,152776,8312.5,5.44097240404252,92.98391927117932,1,4,16
898,107566.5,8,337,452,152324,44757.5,29.383091305375387,73.4715793388593,2,3,26
899,107566.5,8,337,452,152324,44757.5,29.383091305375387,73.4715793388593,2,3,26
900,105330.5,11,338,452,152776,47445.5,31.055597737864588,70.95999349763495,2,1,17
901,149564.0,4,338,452,152776,3212.0,2.102424464575588,94.49512079110087,1,4,16
902,139304.0,5,338,452,152776,13472.0,8.818138974708068,91.29261043930126,1,4,1
903,128805.5,5,338,452,152776,23970.5,15.68996439231293,86.4118437067804,1,2,1
904,141032.5,5,338,452,152776,11743.5,7.686743991202808,92.51974515543198,1,4,1
905,97663.0,6,338,452,152776,55113.0,36.07438341100696,70.91845426310539,0,1,21
906,111372.0,8,338,452,152776,41404.0,27.101115358433265,82.27317714620733,2,1,6
907,110290.0,4,338,452,152776,42486.0,27.80934178143164,76.77246191763132,2,1,20
908,103886.0,7,338,452,152776,48890.0,32.00109964915956,73.96580703532956,2,1,3
909,144463.5,4,338,452,152776,8312.5,5.44097240404252,92.98391927117932,1,4,16
910,75978.5,3,337,452,152324,76345.5,50.12046689950369,55.03335680490013,0,5,12
911,71113.5,8,338,452,152776,81662.5,53.45244017384929,44.573009613548365,0,5,32
912,88761.0,12,338,452,152776,64015.0,41.90121485050008,56.74422824950924,0,3,45
913,107350.0,6,338,452,152776,45426.0,29.73372781065089,75.49204276136996,2,1,2
914,111976.0,8,338,452,152776,40800.0,26.7057653034508,82.89256440912142,2,1,6
915,126133.0,4,338,452,152776,26643.0,17.439257474996072,83.83525774049993,1,0,29
916,105047.0,9,338,452,152776,47729.0,31.2411635335393,77.71556796616149,2,1,33
917,110290.0,4,338,452,152776,42486.0,27.80934178143164,76.77246191763132,2,1,20
918,114131.5,5,338,452,152776,38644.5,25.29487615855894,79.30377255468858,2,1,14
919,127334.0,7,337,452,152324,24990.0,16.405819174916626,82.94183994594007,1,0,4
920,133347.5,7,338,452,152776,19428.5,12.716984343090536,85.58393014336846,1,0,4
921,139570.5,6,338,452,152776,13205.5,8.643700581243127,88.65081911865245,1,0,40
922,134844.5,4,338,452,152776,17931.5,11.737118395559513,88.14962676390897,1,2,27
923,135676.0,7,338,453,153114,17438.0,11.388899774024583,86.50509429337457,1,0,4
924,93482.5,7,337,452,152324,58841.5,38.62917202804548,65.24817831284099,0,3,35
925,114131.5,5,338,452,152776,38644.5,25.29487615855894,79.30377255468858,2,1,14
926,148230.0,4,338,452,152776,4546.0,2.975598261507043,94.55868276128884,1,4,16
927,135780.0,7,338,453,153114,17334.0,11.32097652729339,86.28688756285962,1,0,4
928,84082.5,7,338,452,152776,68693.5,44.96354139393622,60.372343083735146,0,3,30
929,99751.0,8,337,452,152324,52573.0,34.513930831648324,71.30717536339064,0,3,5
930,149843.5,6,338,454,153452,3608.5,2.351549670255194,97.95467062866588,1,4,15
931,132590.0,5,338,452,152776,20186.0,13.212808294496517,88.511945515875,1,2,1
932,134844.5,4,338,452,152776,17931.5,11.737118395559513,88.14962676390897,1,2,27
933,97957.5,5,337,452,152324,54366.5,35.6913552690318,70.88591055887821,0,3,37
934,90646.0,9,338,452,152776,62130.0,40.667382311357805,59.04749547938558,0,3,7
935,75978.5,3,337,452,152324,76345.5,50.12046689950369,55.03335680490013,0,5,12
936,132701.5,6,338,452,152776,20074.5,13.139825627061844,84.72920160505231,1,0,0
937,75978.5,3,337,452,152324,76345.5,50.12046689950369,55.03335680490013,0,5,12
938,107953.5,6,338,452,152776,44822.5,29.33870503220401,69.48144117184621,2,1,9
939,74618.0,9,338,452,152776,78158.0,51.15855893595853,47.10484724519679,0,5,39
940,134560.0,5,338,452,152776,18216.0,11.923338744305388,90.38397720845144,1,2,1
941,144463.5,4,338,452,152776,8312.5,5.44097240404252,92.98391927117932,1,4,16
942,88761.0,12,338,452,152776,64015.0,41.90121485050008,56.74422824950924,0,3,45
943,144354.5,4,338,452,152776,8421.5,5.512318688799287,93.13297165938448,1,4,16
944,135697.5,7,338,453,153114,17416.5,11.374857948979193,86.33087263715902,1,0,4
945,123932.5,7,337,452,152324,28391.5,18.638888159449596,82.01368076426313,2,0,4
946,123434.0,4,337,452,152324,28890.0,18.96615109897324,83.20762718334522,2,0,29
947,119329.5,8,338,452,152776,33446.5,21.89250929465361,85.9181466210694,2,2,38
948,129387.5,4,337,452,152324,22936.5,15.057705942596044,85.97639794419511,1,0,27
949,76014.5,3,337,452,152324,76309.5,50.09683306635855,54.90036911018557,0,5,12
950,126584.5,7,338,452,152776,26191.5,17.143726763365976,89.47749341489352,1,2,31
951,148808.0,4,338,452,152776,3968.0,2.597266586374823,94.66512303884448,1,4,16
952,105047.0,9,338,452,152776,47729.0,31.2411635335393,77.71556796616149,2,1,33
953,149173.0,4,338,452,152776,3603.0,2.3583547154003246,95.14803938246128,1,4,16
954,146589.5,4,338,452,152776,6186.5,4.049392574749961,93.93590006760286,1,4,16
955,103886.0,7,338,452,152776,48890.0,32.00109964915956,73.96580703532956,2,1,3
956,144071.5,4,338,452,152776,8704.5,5.69755720793842,92.57154938791956,1,4,16
957,103886.0,7,338,452,152776,48890.0,32.00109964915956,73.96580703532956,2,1,3
958,135780.0,7,338,453,153114,17334.0,11.32097652729339,86.28688756285962,1,0,4
959,146202.0,4,338,452,152776,6574.0,4.303031889825627,93.62332812904008,1,4,16
960,108055.5,6,338,452,152776,44720.5,29.271940618945383,70.28819006749032,2,1,9
961,106840.5,6,338,453,153114,46273.5,30.22159959246052,75.52754000494907,2,1,2
962,129910.5,5,338,452,152776,22865.5,14.966683248677803,86.23236025006362,1,2,1
963,148328.5,4,338,452,152776,4447.5,2.9111247839974865,94.47424651149788,1,4,16
964,106509.0,8,338,452,152776,46267.0,30.28420694349898,66.98225764817957,2,1,36
965,99751.0,8,337,452,152324,52573.0,34.513930831648324,71.30717536339064,0,3,5
966,146948.0,4,338,452,152776,5828.0,3.8147352987380216,94.10104391120628,1,4,16
967,91149.0,6,337,452,152324,61175.0,40.16110396260603,70.37952538532834,0,3,25
968,112515.5,10,337,452,152324,39808.5,26.134095743284053,75.35474352831602,2,3,13
969,145210.5,4,338,453,153114,7903.5,5.161840197499902,93.21268053051772,1,4,16
970,107566.5,8,337,452,152324,44757.5,29.383091305375387,73.4715793388593,2,3,26
971,98757.0,9,338,452,152776,54019.0,35.35830235115463,67.43395667494704,0,1,42
972,95823.0,7,338,452,152776,56953.0,37.2787610619469,70.6274254848515,0,1,3
973,145683.5,4,338,452,152776,7092.5,4.642417657223648,93.39640099228974,1,4,16
974,107350.0,6,338,452,152776,45426.0,29.73372781065089,75.49204276136996,2,1,2
975,119329.5,8,338,452,152776,33446.5,21.89250929465361,85.9181466210694,2,2,38
976,145584.5,4,338,452,152776,7191.5,4.707218411268785,93.21341637889012,1,4,16
977,151288.5,4,338,453,153114,1825.5,1.1922489125749445,95.79992093888916,1,4,16
978,129387.5,4,337,452,152324,22936.5,15.057705942596044,85.97639794419511,1,0,27
979,130978.5,7,338,452,152776,21797.5,14.26762056867571,83.96204892802508,1,0,4
980,84082.5,7,338,452,152776,68693.5,44.96354139393622,60.372343083735146,0,3,30
981,144463.5,4,338,452,152776,8312.5,5.44097240404252,92.98391927117932,1,4,16
982,122851.5,6,338,453,153114,30262.5,19.764685136564918,78.97891322604096,2,2,10
983,106631.5,9,337,452,152324,45692.5,29.996914471783832,72.4866168744297,2,3,22
984,149030.5,4,338,453,153114,4083.5,2.666967096411824,94.89203841101175,1,4,16
985,71345.0,11,337,452,152324,80979.0,53.162338173892486,43.57587871415488,0,5,28
986,136562.0,5,338,452,152776,16214.0,10.612923495837045,89.91825065865171,1,4,1
987,107153.0,7,338,452,152776,45623.0,29.86267476567,70.57005431303384,2,1,3
988,128805.5,5,338,452,152776,23970.5,15.68996439231293,86.4118437067804,1,2,1
989,151500.5,4,338,453,153114,1613.5,1.0537899865459723,96.64756237688896,1,4,16
990,108069.0,5,337,452,152324,44255.0,29.053202384391163,75.84496865880092,2,3,41
991,74618.0,9,338,452,152776,78158.0,51.15855893595853,47.10484724519679,0,5,39
992,150068.0,4,338,452,152776,2708.0,1.7725297167094307,95.912930073203,1,4,16
993,107953.5,6,338,452,152776,44822.5,29.33870503220401,69.48144117184621,2,1,9
994,99182.0,7,338,453,153114,53932.0,35.22342829525713,71.67348867959417,0,1,3
995,149251.0,4,338,452,152776,3525.0,2.3072995758496098,95.19779065830764,1,4,16
996,126584.5,7,338,452,152776,26191.5,17.143726763365976,89.47749341489352,1,2,31
997,107953.5,6,338,452,152776,44822.5,29.33870503220401,69.48144117184621,2,1,9
998,118952.5,6,338,452,152776,33823.5,22.139275802482064,79.95663061428255,2,1,10
999,151500.5,4,338,453,153114,1613.5,1.0537899865459723,96.64756237688896,1,4,16
1000,139304.0,5,338,452,152776,13472.0,8.818138974708068,91.29261043930126,1,4,1
1001,135697.5,7,338,453,153114,17416.5,11.374857948979193,86.33087263715902,1,0,4
1002,101580.0,4,338,452,152776,51196.0,33.51049903126145,72.74694374903936,2,1,-1
1003,145584.5,4,338,452,152776,7191.5,4.707218411268785,93.21341637889012,1,4,16
1004,75978.5,3,337,452,152324,76345.5,50.12046689950369,55.03335680490013,0,5,12
1005,107350.0,6,338,452,152776,45426.0,29.73372781065089,75.49204276136996,2,1,2
1006,123434.0,4,337,452,152324,28890.0,18.96615109897324,83.20762718334522,2,0,29
1007,120954.5,5,337,452,152324,31369.5,20.59393135684462,81.33018289754796,2,0,19
1008,88788.5,9,338,452,152776,63987.5,41.8832146410431,57.74779689712936,0,3,7
1009,102118.0,7,338,452,152776,50658.0,33.15834947897576,75.76488535663916,2,1,3
1010,98757.0,9,338,452,152776,54019.0,35.35830235115463,67.43395667494704,0,1,42
1011,99751.0,8,337,452,152324,52573.0,34.513930831648324,71.30717536339064,0,3,5
1012,149173.0,4,338,452,152776,3603.0,2.3583547154003246,95.14803938246128,1,4,16
1013,99011.5,5,337,452,152324,53312.5,34.999409154171374,72.69636599649296,0,3,37
1014,102867.5,7,337,452,152324,49456.5,32.46796302618103,72.14792831654782,2,3,3
1015,110359.0,7,338,452,152776,42417.0,27.76417761952139,74.92925037276024,2,1,-1
1016,96831.0,6,338,452,152776,55945.0,36.61897156621458,67.62429962285125,0,1,21
1017,108069.0,5,337,452,152324,44255.0,29.053202384391163,75.84496865880092,2,3,41
1018,131935.0,7,338,452,152776,20841.0,13.64154055610829,83.00819646291959,1,0,4
1019,96831.0,6,338,452,152776,55945.0,36.61897156621458,67.62429962285125,0,1,21
1020,148276.0,4,338,452,152776,4500.0,2.9454888202335447,94.546634665808,1,4,16
1021,141032.5,5,338,452,152776,11743.5,7.686743991202808,92.51974515543198,1,4,1
1022,151348.5,4,338,453,153114,1765.5,1.1530624240761784,96.5505961730223,1,4,16
1023,144021.5,4,338,452,152776,8754.5,5.73028486149657,92.65849582476176,1,4,16
1024,144443.5,4,338,452,152776,8332.5,5.454063465465779,93.28155093579004,1,4,16
1025,128018.5,7,337,452,152324,24305.5,15.95644809747643,84.96846662036573,1,0,4
1026,132590.0,5,338,452,152776,20186.0,13.212808294496517,88.511945515875,1,2,1
1027,114561.5,11,338,452,152776,38214.5,25.013418337958843,72.24606028202862,2,1,23
1028,148808.0,4,338,452,152776,3968.0,2.597266586374823,94.66512303884448,1,4,16
1029,129387.5,4,337,452,152324,22936.5,15.057705942596044,85.97639794419511,1,0,27
1030,141032.5,5,338,452,152776,11743.5,7.686743991202808,92.51974515543198,1,4,1
1031,129387.5,4,337,452,152324,22936.5,15.057705942596044,85.97639794419511,1,0,27
1032,105047.0,9,338,452,152776,47729.0,31.2411635335393,77.71556796616149,2,1,33
1033,120954.5,5,337,452,152324,31369.5,20.59393135684462,81.33018289754796,2,0,19
1034,144021.5,4,338,452,152776,8754.5,5.73028486149657,92.65849582476176,1,4,16
1035,111372.0,8,338,452,152776,41404.0,27.101115358433265,82.27317714620733,2,1,6
1036,146948.0,4,338,452,152776,5828.0,3.8147352987380216,94.10104391120628,1,4,16
1037,111372.0,8,338,452,152776,41404.0,27.101115358433265,82.27317714620733,2,1,6
1038,100151.0,7,337,452,152324,52173.0,34.25133268559124,68.38467902548132,0,3,3
1039,135780.0,7,338,453,153114,17334.0,11.32097652729339,86.28688756285962,1,0,4
1040,139570.5,6,338,452,152776,13205.5,8.643700581243127,88.65081911865245,1,0,40
1041,128018.5,7,337,452,152324,24305.5,15.95644809747643,84.96846662036573,1,0,4
1042,107566.5,8,337,452,152324,44757.5,29.383091305375387,73.4715793388593,2,3,26
1043,142575.5,5,338,452,152776,10200.5,6.676768602398282,92.70647387421909,1,4,1
1044,135697.5,7,338,453,153114,17416.5,11.374857948979193,86.33087263715902,1,0,4
1045,71345.0,11,337,452,152324,80979.0,53.162338173892486,43.57587871415488,0,5,28
1046,106840.5,6,338,453,153114,46273.5,30.22159959246052,75.52754000494907,2,1,2
1047,88761.0,12,338,452,152776,64015.0,41.90121485050008,56.74422824950924,0,3,45
1048,146948.0,4,338,452,152776,5828.0,3.8147352987380216,94.10104391120628,1,4,16
1049,76014.5,3,337,452,152324,76309.5,50.09683306635855,54.90036911018557,0,5,12
1050,139479.5,5,338,452,152776,13296.5,8.70326491071896,91.59196371022756,1,4,1
1051,122602.0,5,338,453,153114,30512.0,19.92763561790561,79.28688722942714,2,2,19
1052,148230.0,4,338,452,152776,4546.0,2.975598261507043,94.55868276128884,1,4,16
1053,150708.0,4,338,453,153114,2406.0,1.5713781888005016,95.44699792590664,1,4,16
1054,149326.0,4,338,452,152776,3450.0,2.258208095512384,95.24562842354456,1,4,16
1055,119329.5,8,338,452,152776,33446.5,21.89250929465361,85.9181466210694,2,2,38
1056,150068.0,4,338,452,152776,2708.0,1.7725297167094307,95.912930073203,1,4,16
1057,108055.5,6,338,452,152776,44720.5,29.271940618945383,70.28819006749032,2,1,9
1058,144463.5,4,338,452,152776,8312.5,5.44097240404252,92.98391927117932,1,4,16
1059,136323.5,5,338,452,152776,16452.5,10.76903440330942,89.86519693338407,1,4,1
1060,112515.5,10,337,452,152324,39808.5,26.134095743284053,75.35474352831602,2,3,13
1061,149251.0,4,338,452,152776,3525.0,2.3072995758496098,95.19779065830764,1,4,16
1062,114561.5,11,338,452,152776,38214.5,25.013418337958843,72.24606028202862,2,1,23
1063,97957.5,5,337,452,152324,54366.5,35.6913552690318,70.88591055887821,0,3,37
1064,147322.0,4,338,452,152776,5454.0,3.5699324501230563,94.44074372225155,1,4,16
1065,100151.0,7,337,452,152324,52173.0,34.25133268559124,68.38467902548132,0,3,3
1066,127209.0,7,338,452,152776,25567.0,16.734958370424675,83.40368691941512,1,0,4
1067,105330.5,11,338,452,152776,47445.5,31.055597737864588,70.95999349763495,2,1,17
1068,111976.0,8,338,452,152776,40800.0,26.7057653034508,82.89256440912142,2,1,6
1069,132701.5,6,338,452,152776,20074.5,13.139825627061844,84.72920160505231,1,0,0
1070,148565.5,4,338,452,152776,4210.5,2.7559957061318534,94.86689059848013,1,4,16
1071,128805.5,5,338,452,152776,23970.5,15.68996439231293,86.4118437067804,1,2,1
1072,98451.0,6,338,452,152776,54325.0,35.55859559093052,68.31807585889365,0,1,21
1073,133062.0,5,338,452,152776,19714.0,12.90385924490758,87.68474166408973,1,0,1
1074,112515.5,10,337,452,152324,39808.5,26.134095743284053,75.35474352831602,2,3,13
1075,126584.5,7,338,452,152776,26191.5,17.143726763365976,89.47749341489352,1,2,31
1076,98451.0,6,338,452,152776,54325.0,35.55859559093052,68.31807585889365,0,1,21
1077,108069.0,5,337,452,152324,44255.0,29.053202384391163,75.84496865880092,2,3,41
1078,144071.5,4,338,452,152776,8704.5,5.69755720793842,92.57154938791956,1,4,16
1079,143178.5,5,338,453,153114,9935.5,6.488955941324765,94.0845864210366,1,4,1
1080,141032.5,5,338,452,152776,11743.5,7.686743991202808,92.51974515543198,1,4,1
1081,145584.5,4,338,452,152776,7191.5,4.707218411268785,93.21341637889012,1,4,16
1082,75978.5,3,337,452,152324,76345.5,50.12046689950369,55.03335680490013,0,5,12
1083,98712.5,6,338,452,152776,54063.5,35.387429962821386,68.6390455042443,0,1,21
1084,149489.5,4,338,452,152776,3286.5,2.151188668377232,95.06323797601132,1,4,16
1085,144463.5,4,338,452,152776,8312.5,5.44097240404252,92.98391927117932,1,4,16
1086,123434.0,4,337,452,152324,28890.0,18.96615109897324,83.20762718334522,2,0,29
1087,145584.5,4,338,452,152776,7191.5,4.707218411268785,93.21341637889012,1,4,16
1088,150708.0,4,338,453,153114,2406.0,1.5713781888005016,95.44699792590664,1,4,16
1089,102062.5,6,338,452,152776,50713.5,33.1946771744253,66.48864366254892,2,1,21
1090,144149.0,4,338,452,152776,8627.0,5.646829344923286,92.86602345331424,1,4,16
1091,110359.0,7,338,452,152776,42417.0,27.76417761952139,74.92925037276024,2,1,-1
1092,144021.5,4,338,452,152776,8754.5,5.73028486149657,92.65849582476176,1,4,16
1093,135697.5,7,338,453,153114,17416.5,11.374857948979193,86.33087263715902,1,0,4
1094,93482.5,7,337,452,152324,58841.5,38.62917202804548,65.24817831284099,0,3,35
1095,135697.5,7,338,453,153114,17416.5,11.374857948979193,86.33087263715902,1,0,4
1096,132701.5,6,338,452,152776,20074.5,13.139825627061844,84.72920160505231,1,0,0
1097,107953.5,6,338,452,152776,44822.5,29.33870503220401,69.48144117184621,2,1,9
1098,107566.5,8,337,452,152324,44757.5,29.383091305375387,73.4715793388593,2,3,26
1099,139570.5,6,338,452,152776,13205.5,8.643700581243127,88.65081911865245,1,0,40
1100,135780.0,7,338,453,153114,17334.0,11.32097652729339,86.28688756285962,1,0,4
1101,137337.0,5,337,453,152661,15324.0,10.037927171969264,90.2485240195154,1,4,1
1102,120954.5,5,337,452,152324,31369.5,20.59393135684462,81.33018289754796,2,0,19
1103,149843.5,6,338,454,153452,3608.5,2.351549670255194,97.95467062866588,1,4,15
1104,151500.5,4,338,453,153114,1613.5,1.0537899865459723,96.64756237688896,1,4,16
1105,148808.0,4,338,452,152776,3968.0,2.597266586374823,94.66512303884448,1,4,16
1106,129387.5,4,337,452,152324,22936.5,15.057705942596044,85.97639794419511,1,0,27
1107,114561.5,11,338,452,152776,38214.5,25.013418337958843,72.24606028202862,2,1,23
1108,119329.5,8,338,452,152776,33446.5,21.89250929465361,85.9181466210694,2,2,38
1109,118952.5,6,338,452,152776,33823.5,22.139275802482064,79.95663061428255,2,1,10
1110,151348.5,4,338,453,153114,1765.5,1.1530624240761784,96.5505961730223,1,4,16
1111,144149.0,4,338,452,152776,8627.0,5.646829344923286,92.86602345331424,1,4,16
1112,96831.0,6,338,452,152776,55945.0,36.61897156621458,67.62429962285125,0,1,21
1113,151500.5,4,338,453,153114,1613.5,1.0537899865459723,96.64756237688896,1,4,16
1114,96831.0,6,338,452,152776,55945.0,36.61897156621458,67.62429962285125,0,1,21
1115,135504.0,4,337,452,152324,16820.0,11.042252041700586,88.4592846889227,1,4,27
1116,136562.0,5,338,452,152776,16214.0,10.612923495837045,89.91825065865171,1,4,1
1117,88761.0,12,338,452,152776,64015.0,41.90121485050008,56.74422824950924,0,3,45
1118,91149.0,6,337,452,152324,61175.0,40.16110396260603,70.37952538532834,0,3,25
1119,139570.5,6,338,452,152776,13205.5,8.643700581243127,88.65081911865245,1,0,40
1120,132590.0,5,338,452,152776,20186.0,13.212808294496517,88.511945515875,1,2,1
1121,103155.5,10,338,452,152776,49620.5,32.47925066764413,73.87175212499213,2,1,46
1122,129387.5,4,337,452,152324,22936.5,15.057705942596044,85.97639794419511,1,0,27
1123,95823.0,7,338,452,152776,56953.0,37.2787610619469,70.6274254848515,0,1,3
1124,120317.0,4,337,452,152324,32007.0,21.012447152123105,80.74250971744243,2,0,-1
1125,135697.5,7,338,453,153114,17416.5,11.374857948979193,86.33087263715902,1,0,4
1126,106509.0,8,338,452,152776,46267.0,30.28420694349898,66.98225764817957,2,1,36
1127,106840.5,6,338,453,153114,46273.5,30.22159959246052,75.52754000494907,2,1,2
1128,148808.0,4,338,452,152776,3968.0,2.597266586374823,94.66512303884448,1,4,16
1129,137337.0,5,337,453,152661,15324.0,10.037927171969264,90.2485240195154,1,4,1
1130,151348.5,4,338,453,153114,1765.5,1.1530624240761784,96.5505961730223,1,4,16
1131,114544.0,8,338,452,152776,38232.0,25.0248730167042,74.79061777492521,2,1,8
1132,149326.0,4,338,452,152776,3450.0,2.258208095512384,95.24562842354456,1,4,16
1133,139479.5,5,338,452,152776,13296.5,8.70326491071896,91.59196371022756,1,4,1
1134,99751.0,8,337,452,152324,52573.0,34.513930831648324,71.30717536339064,0,3,5
1135,71345.0,11,337,452,152324,80979.0,53.162338173892486,43.57587871415488,0,5,28
1136,99751.0,8,337,452,152324,52573.0,34.513930831648324,71.30717536339064,0,3,5
1137,133062.0,5,338,452,152776,19714.0,12.90385924490758,87.68474166408973,1,0,1
1138,128253.0,9,338,452,152776,24523.0,16.05160496413049,83.26766320045496,1,0,24
1139,122851.5,6,338,453,153114,30262.5,19.764685136564918,78.97891322604096,2,2,10
1140,126133.0,4,338,452,152776,26643.0,17.439257474996072,83.83525774049993,1,0,29
1141,106543.5,7,338,452,152776,46232.5,30.261624862543854,70.30425759472013,2,1,3
1142,140398.5,4,338,452,152776,12377.5,8.101730638320156,90.96821595292155,1,4,16
1143,135768.0,4,337,452,152324,16556.0,10.868937265302907,88.94358125958998,1,4,27
1144,151348.5,4,338,453,153114,1765.5,1.1530624240761784,96.5505961730223,1,4,16
1145,71113.5,8,338,452,152776,81662.5,53.45244017384929,44.573009613548365,0,5,32
1146,127334.0,7,337,452,152324,24990.0,16.405819174916626,82.94183994594007,1,0,4
1147,140398.5,4,338,452,152776,12377.5,8.101730638320156,90.96821595292155,1,4,16
1148,127334.0,7,337,452,152324,24990.0,16.405819174916626,82.94183994594007,1,0,4
1149,147644.5,4,338,453,153114,5469.5,3.57217498073331,94.42005698812586,1,4,16
1150,150708.0,4,338,453,153114,2406.0,1.5713781888005016,95.44699792590664,1,4,16
1151,124548.5,8,338,452,152776,28227.5,18.476396816253864,82.24098065847853,2,0,-1
1152,106840.5,6,338,453,153114,46273.5,30.22159959246052,75.52754000494907,2,1,2
1153,143178.5,5,338,453,153114,9935.5,6.488955941324765,94.0845864210366,1,4,1
1154,110290.0,4,338,452,152776,42486.0,27.80934178143164,76.77246191763132,2,1,20
1155,81086.5,6,338,452,152776,71689.5,46.9245823951406,51.408534719425305,0,5,43
1156,150708.0,4,338,453,153114,2406.0,1.5713781888005016,95.44699792590664,1,4,16
1157,124368.5,9,337,452,152324,27955.5,18.35265618024737,82.27180492357601,2,0,24
1158,76014.5,3,337,452,152324,76309.5,50.09683306635855,54.90036911018557,0,5,12
1159,110290.0,4,338,452,152776,42486.0,27.80934178143164,76.77246191763132,2,1,20
1160,145584.5,4,338,452,152776,7191.5,4.707218411268785,93.21341637889012,1,4,16
1161,111372.0,8,338,452,152776,41404.0,27.101115358433265,82.27317714620733,2,1,6
1162,135504.0,4,337,452,152324,16820.0,11.042252041700586,88.4592846889227,1,4,27
1163,149030.5,4,338,453,153114,4083.5,2.666967096411824,94.89203841101175,1,4,16
1164,134560.0,5,338,452,152776,18216.0,11.923338744305388,90.38397720845144,1,2,1
1165,106840.5,6,338,453,153114,46273.5,30.22159959246052,75.52754000494907,2,1,2
1166,118952.5,6,338,452,152776,33823.5,22.139275802482064,79.95663061428255,2,1,10
1167,93482.5,7,337,452,152324,58841.5,38.62917202804548,65.24817831284099,0,3,35
1168,110290.0,4,338,452,152776,42486.0,27.80934178143164,76.77246191763132,2,1,20
1169,148035.0,4,338,453,153114,5079.0,3.3171362514205107,94.56351042859114,1,4,16
1170,88761.0,12,338,452,152776,64015.0,41.90121485050008,56.74422824950924,0,3,45
1171,105047.0,9,338,452,152776,47729.0,31.2411635335393,77.71556796616149,2,1,33
1172,128018.5,7,337,452,152324,24305.5,15.95644809747643,84.96846662036573,1,0,4
1173,114561.5,11,338,452,152776,38214.5,25.013418337958843,72.24606028202862,2,1,23
1174,99182.0,7,338,453,153114,53932.0,35.22342829525713,71.67348867959417,0,1,3
1175,103886.0,7,338,452,152776,48890.0,32.00109964915956,73.96580703532956,2,1,3
1176,103886.0,7,338,452,152776,48890.0,32.00109964915956,73.96580703532956,2,1,3
1177,119329.5,8,338,452,152776,33446.5,21.89250929465361,85.9181466210694,2,2,38
1178,100068.0,9,338,452,152776,52708.0,34.50018327485992,68.25192654215468,0,1,42
1179,114561.5,11,338,452,152776,38214.5,25.013418337958843,72.24606028202862,2,1,23
1180,76014.5,3,337,452,152324,76309.5,50.09683306635855,54.90036911018557,0,5,12
1181,105047.0,9,338,452,152776,47729.0,31.2411635335393,77.71556796616149,2,1,33
1182,146698.0,8,338,452,152776,6078.0,3.978373566528774,95.97822895532713,1,0,34
1183,93482.5,7,337,452,152324,58841.5,38.62917202804548,65.24817831284099,0,3,35
